symbol,side,opened_dt,closed_dt,days,entry,exit,reason,pnl
ZEC,LONG,2020-07-31,2020-08-22,22,70.72,73.62,ema_cross,2.8133269230769287
XLM,LONG,2020-07-31,2020-08-26,26,0.09632,0.09724,ema_cross,0.6123372093023185
XRP,LONG,2020-08-23,2020-08-28,5,0.286,0.2647,ema_cross,-5.2672013986013955
BTC,LONG,2020-07-31,2020-09-03,34,11111.97,10004.67657500099,cat_stop,-7.028619214597468
LINK,LONG,2020-07-31,2020-09-05,36,7.402,12.377,ema_cross,46.973275871386114
ETH,LONG,2020-07-31,2020-09-06,37,335.31,334.85,ema_cross,-0.15199212668873152
TRX,LONG,2020-09-05,2020-09-17,12,0.03539,0.02641,ema_cross,-10.0
BTC,SHORT,2020-09-12,2020-09-20,8,10387.81,11073.2,ema_cross,-4.676462919518174
ADA,SHORT,2020-09-06,2020-09-30,24,0.08996,0.10111,ema_cross,-8.735548688305919
XLM,SHORT,2020-09-17,2020-10-13,26,0.07999,0.0776,ema_cross,2.036348043505441
LINK,SHORT,2020-09-23,2020-10-13,20,8.732,11.418,ema_cross,-10.0
DOGE,SHORT,2020-09-11,2020-10-27,46,0.002804,0.002669,ema_cross,3.3155335235378067
XRP,SHORT,2020-11-03,2020-11-08,5,0.2353,0.2489,ema_cross,-4.103517212069699
XLM,LONG,2020-11-25,2020-11-26,1,0.19562,0.15732020373073857,cat_stop,-10.0
DOGE,LONG,2020-11-17,2020-12-11,24,0.002898,0.0031,ema_cross,4.821275362318839
XRP,LONG,2020-11-12,2020-12-16,34,0.256,0.4684,ema_cross,57.99889374999999
XLM,LONG,2020-11-27,2020-12-23,26,0.16859,0.11233073689027968,cat_stop,-10.0
DOGE,LONG,2020-12-22,2020-12-23,1,0.004777,0.0036938024544050877,cat_stop,-10.0
BTC,LONG,2020-10-21,2021-01-25,96,11900.03,32274.88,ema_cross,119.74781597357315
BCH,LONG,2020-12-28,2021-01-27,30,338.32,428.21,ema_cross,18.535224521163393
DOGE,LONG,2020-12-24,2021-01-28,35,0.003756,0.007414,ema_cross,68.0903194888179
FIL,SHORT,2020-12-19,2021-02-04,47,28.49,23.119,ema_cross,13.14583882063882
ETH,LONG,2020-11-14,2021-02-26,104,476.8,1482.13,ema_cross,147.47955109060405
AVAX,LONG,2021-01-26,2021-02-27,32,12.132,25.9721,ema_cross,79.76756389713155
DOGE,LONG,2021-02-05,2021-03-01,24,0.052781,0.048147,ema_cross,-6.199313843996891
ADA,LONG,2021-03-02,2021-03-26,24,1.29823,1.09669,ema_cross,-10.0
UNI,LONG,2021-01-29,2021-03-27,57,14.1218,28.91,ema_cross,73.21794031922276
NEAR,LONG,2021-01-28,2021-03-28,59,2.0327,5.3316,ema_cross,113.50263177055146
FIL,LONG,2021-03-27,2021-04-24,28,124.643,138.674,ema_cross,7.820712948180006
TRX,LONG,2021-03-30,2021-04-26,27,0.06479,0.10177,ema_cross,39.88171507948757
BNB,LONG,2021-02-27,2021-05-18,80,221.594,512.46,ema_cross,91.78978892930316
ETH,LONG,2021-05-05,2021-05-19,14,3243.65,2579.8695068530933,cat_stop,-10.0
XRP,LONG,2021-04-08,2021-05-20,42,0.9181,1.0579,ema_cross,10.59870602330901
ETH,LONG,2021-05-20,2021-05-21,1,2444.02,2768.42,ema_cross,9.231533162576413
DOGE,LONG,2021-04-25,2021-05-22,27,0.270045,0.35757,ema_cross,22.62281019830029
SOL,LONG,2021-02-28,2021-05-23,84,13.1862,31.223,ema_cross,95.65549911270875
ADA,LONG,2021-05-22,2021-05-24,2,1.5473,1.3136,ema_cross,-10.0
BNB,SHORT,2021-05-24,2021-07-12,49,260.7,321.81,ema_cross,-10.0
BTC,SHORT,2021-05-19,2021-07-26,68,42882.54,35370.67,ema_cross,12.211025982136324
XLM,SHORT,2021-07-13,2021-07-26,13,0.23832,0.26152,ema_cross,-6.873092984222885
BCH,SHORT,2021-05-28,2021-07-29,62,749.94,511.62,ema_cross,22.19787759020722
ZEC,SHORT,2021-05-26,2021-07-31,66,145.44,109.92,ema_cross,17.046547854785477
ADA,SHORT,2021-07-27,2021-07-31,4,1.2548,1.3099,ema_cross,-3.131026139623853
FIL,SHORT,2021-05-21,2021-08-02,73,88.638,53.835,ema_cross,27.43993271508834
BTC,LONG,2021-08-01,2021-09-11,41,41448.1,44860.83,ema_cross,5.705314597291558
ETH,LONG,2021-08-06,2021-09-14,39,2826.81,3284.17,ema_cross,11.265027561102448
ADA,LONG,2021-08-11,2021-09-14,34,1.6795,2.4004,ema_cross,29.97842381661208
LINK,LONG,2021-08-08,2021-09-21,44,24.708,23.568,ema_cross,-3.284431277319079
TRX,LONG,2021-08-11,2021-09-25,45,0.07466,0.09219,ema_cross,16.37326814894186
SOL,LONG,2021-09-12,2021-09-27,15,179.252,135.631,ema_cross,-10.0
NEAR,LONG,2021-09-15,2021-09-28,13,8.6172,6.8827,ema_cross,-10.0
HBAR,LONG,2021-09-22,2021-09-28,6,0.30563,0.31902,ema_cross,3.0095533815397735
BTC,SHORT,2021-09-29,2021-10-03,4,41002.96,48842.084732484305,cat_stop,-10.0
BNB,SHORT,2021-09-26,2021-10-04,8,349.38,430.11,ema_cross,-10.0
DOGE,SHORT,2021-09-29,2021-10-05,6,0.19638,0.2545110880579734,cat_stop,-10.0
BCH,SHORT,2021-09-28,2021-10-06,8,487.61,620.7108404319097,cat_stop,-10.0
AVAX,LONG,2021-09-15,2021-10-10,25,51.491,60.725,ema_cross,12.492240430366474
ZEC,SHORT,2021-10-04,2021-10-10,6,118.82,127.7,ema_cross,-5.28953509510184
ZEC,LONG,2021-10-25,2021-10-27,2,173.08,142.339351270666,cat_stop,-10.0
NEAR,LONG,2021-10-27,2021-11-16,20,12.3278,9.293935822583723,cat_stop,-10.0
XLM,LONG,2021-10-27,2021-11-17,21,0.37339,0.34301,ema_cross,-5.749107367631702
BNB,LONG,2021-11-09,2021-11-17,8,653.54,554.6200261893775,cat_stop,-10.0
BTC,LONG,2021-10-10,2021-11-19,40,54960.79,56921.04,ema_cross,2.4396448588166217
ZEC,LONG,2021-10-28,2021-11-20,23,147.31,158.93,ema_cross,5.463480279682305
AVAX,LONG,2021-11-24,2021-12-04,10,123.937,85.72467229985031,cat_stop,-10.0
ZEC,LONG,2021-11-25,2021-12-04,9,261.03,185.06551801930348,cat_stop,-10.0
UNI,SHORT,2021-11-30,2021-12-27,27,20.262,18.663,ema_cross,5.470343500148061
LINK,SHORT,2021-12-05,2021-12-27,22,20.637,22.986,ema_cross,-8.026914958569561
ADA,SHORT,2021-11-28,2021-12-28,30,1.5441,1.5158,ema_cross,1.2274611747943782
DOGE,SHORT,2021-12-05,2021-12-28,23,0.17814,0.18786,ema_cross,-3.8769956214213566
NEAR,LONG,2021-12-28,2022-01-23,26,14.7545,11.395,ema_cross,-10.0
BTC,SHORT,2021-12-29,2022-02-07,40,47522.02,42361.34,ema_cross,7.5487293242164375
ETH,SHORT,2022-01-24,2022-02-07,14,2538.4,3054.26,ema_cross,-10.0
TRX,SHORT,2021-12-29,2022-02-08,41,0.07706,0.0685,ema_cross,7.722869452374771
XLM,SHORT,2022-02-08,2022-02-09,1,0.23939,0.24206,ema_cross,-0.8370466602614998
BCH,SHORT,2021-12-28,2022-02-10,44,465.5,345.8,ema_cross,17.951199999999996
BNB,SHORT,2022-02-08,2022-02-16,8,433.14,432.09,ema_cross,0.11375896938634342
SOL,SHORT,2022-02-09,2022-03-23,42,113.36,90.44,ema_cross,14.102801693719126
FIL,SHORT,2021-11-25,2022-03-25,120,50.646,19.599,ema_cross,42.87254946096434
TRX,LONG,2022-04-01,2022-04-06,5,0.07394,0.06437873481211132,cat_stop,-9.104158611400424
ZEC,LONG,2022-03-25,2022-04-09,15,192.85,165.58,ema_cross,-9.950407259528124
BCH,LONG,2022-03-29,2022-04-09,11,368.09,322.91,ema_cross,-8.644483686055032
XLM,LONG,2022-04-01,2022-04-10,9,0.22842,0.20476,ema_cross,-7.303778303125825
ADA,LONG,2022-03-30,2022-04-11,12,1.1902,0.9686507609484144,cat_stop,-10.0
SOL,LONG,2022-04-10,2022-04-13,3,112.89,103.16,ema_cross,-6.086893436088229
DOGE,LONG,2022-04-07,2022-04-22,15,0.14322,0.1362,ema_cross,-3.485712609970674
NEAR,LONG,2022-04-10,2022-04-26,16,17.539,14.271,ema_cross,-10.0
ADA,SHORT,2022-04-29,2022-06-07,39,0.843,0.6088,ema_cross,19.398991221826808
UNI,SHORT,2022-05-01,2022-06-24,54,6.748,5.615,ema_cross,11.7018132780083
SOL,SHORT,2022-06-08,2022-06-26,18,39.29,42.2,ema_cross,-5.242599134639864
AVAX,SHORT,2022-05-01,2022-07-10,70,56.9,19.87,ema_cross,45.51758242530756
ETH,SHORT,2022-06-27,2022-07-17,20,1197.2,1355.38,ema_cross,-9.30844657534247
XRP,SHORT,2022-05-01,2022-07-18,78,0.5839,0.3432,ema_cross,28.81151087514985
BTC,SHORT,2022-07-11,2022-07-19,8,20853.8,22423.5,ema_cross,-5.327123325245282
HBAR,SHORT,2022-04-29,2022-07-20,82,0.16976,0.07345,ema_cross,39.67300966069745
BCH,SHORT,2022-06-25,2022-07-20,25,114.1,128.23,ema_cross,-8.728179141104292
UNI,LONG,2022-07-29,2022-08-19,21,9.283,7.568,ema_cross,-10.0
NEAR,LONG,2022-08-11,2022-08-19,8,5.903,4.452593103787886,cat_stop,-10.0
LINK,LONG,2022-08-13,2022-08-19,6,9.319,7.527310734350264,cat_stop,-10.0
FIL,LONG,2022-08-04,2022-08-20,16,8.083,6.457,ema_cross,-10.0
NEAR,LONG,2022-08-20,2022-08-21,1,4.246,4.146,ema_cross,-1.7039510127178608
ETH,LONG,2022-07-31,2022-08-22,22,1696.68,1617.17,ema_cross,-3.3350353631798564
DOGE,LONG,2022-08-20,2022-08-23,3,0.06773,0.06838,ema_cross,0.6155163147792684
XRP,LONG,2022-09-26,2022-10-21,25,0.4912,0.4463,ema_cross,-6.452056188925089
ETH,SHORT,2022-09-26,2022-10-26,30,1293.98,1459.19,ema_cross,-8.9968846195459
ADA,SHORT,2022-10-14,2022-10-29,15,0.3764,0.43782703804544354,cat_stop,-10.0
NEAR,SHORT,2022-10-18,2022-11-06,19,3.06,3.33,ema_cross,-6.234941176470588
DOGE,LONG,2022-10-31,2022-11-08,8,0.11768,0.08405536506984032,cat_stop,-10.0
ETH,LONG,2022-10-31,2022-11-08,8,1589.88,1357.0115520797726,cat_stop,-10.0
TRX,LONG,2022-11-01,2022-11-08,7,0.06322,0.058298036172063486,cat_stop,-5.503637661631978
INJ,LONG,2022-11-07,2022-11-08,1,2.587,1.7698796534061754,cat_stop,-10.0
BNB,LONG,2022-11-03,2022-11-09,6,319.98,283.67815344100353,cat_stop,-7.994348669998444
INJ,LONG,2022-11-09,2022-11-11,2,1.975,1.796,ema_cross,-6.397766075949368
DOGE,LONG,2022-11-09,2022-11-13,4,0.08819,0.08809,ema_cross,-0.13534232906225424
BNB,LONG,2022-11-10,2022-11-13,3,266.53,282.68,ema_cross,4.183852174239306
ZEC,SHORT,2022-11-12,2022-12-03,21,39.42,46.1,ema_cross,-10.0
ETH,SHORT,2022-11-14,2022-12-05,21,1220.78,1278.82,ema_cross,-3.3853673880633672
TRX,SHORT,2022-11-13,2022-12-10,27,0.05498,0.05461,ema_cross,0.4152688250272855
BTC,SHORT,2022-11-14,2022-12-11,27,16321.3,17120.1,ema_cross,-3.483322970596702
SOL,SHORT,2022-12-04,2023-01-06,33,13.29,13.417,ema_cross,-0.7251915726109893
NEAR,SHORT,2022-11-13,2023-01-07,55,2.0,1.591,ema_cross,14.264726000000001
ADA,SHORT,2022-12-11,2023-01-09,29,0.3123,0.2975,ema_cross,3.2626500160102543
HBAR,SHORT,2023-01-07,2023-01-09,2,0.03911,0.04482721839058199,cat_stop,-10.0
XLM,SHORT,2022-12-06,2023-01-10,35,0.08687,0.07931,ema_cross,6.0382981466559205
HBAR,SHORT,2023-01-10,2023-01-11,1,0.04441,0.04455,ema_cross,-0.2767592884485496
LINK,SHORT,2023-01-08,2023-01-12,4,5.827,6.281,ema_cross,-5.512102968937701
XRP,SHORT,2022-12-13,2023-01-13,31,0.3871,0.3746,ema_cross,2.2053019891500925
BCH,LONG,2023-01-15,2023-02-12,28,125.83,124.58,ema_cross,-0.7511045060796313
ETH,LONG,2023-01-14,2023-02-13,30,1450.95,1514.48,ema_cross,3.007731458699471
AVAX,LONG,2023-01-15,2023-02-13,29,16.945,17.768,ema_cross,3.342463027441725
BNB,LONG,2023-01-15,2023-02-14,30,305.26,294.04,ema_cross,-2.627859529581334
ADA,LONG,2023-01-16,2023-02-14,29,0.351,0.359,ema_cross,1.5388034188034203
FIL,LONG,2023-02-20,2023-02-25,5,8.471,6.343155372500901,cat_stop,-10.0
HBAR,LONG,2023-02-14,2023-02-28,14,0.08591,0.07225,ema_cross,-10.0
BTC,LONG,2023-02-20,2023-03-04,12,24265.9,22342.8,ema_cross,-5.60136008143115
INJ,LONG,2023-02-13,2023-03-05,20,3.346,3.254,ema_cross,-1.9799163179916335
FIL,LONG,2023-02-26,2023-03-06,8,6.702,6.135,ema_cross,-5.975743957027755
TRX,LONG,2023-02-14,2023-03-08,22,0.06557,0.06625,ema_cross,0.6696513649534849
ADA,SHORT,2023-03-10,2023-03-14,4,0.3097,0.36691823140582014,cat_stop,-10.0
AVAX,SHORT,2023-03-12,2023-03-18,6,14.508,18.25334847694062,cat_stop,-10.0
ADA,SHORT,2023-03-15,2023-03-22,7,0.3431,0.3694,ema_cross,-5.423928883707371
HBAR,SHORT,2023-03-11,2023-03-31,20,0.05883,0.07497378665583183,cat_stop,-10.0
ZEC,SHORT,2023-03-12,2023-04-01,20,31.36,38.73,ema_cross,-10.0
XLM,LONG,2023-03-28,2023-04-21,24,0.09247,0.09569,ema_cross,2.380572293716882
ADA,LONG,2023-04-15,2023-04-21,6,0.4379,0.3782408168271148,cat_stop,-9.588935293384617
XRP,LONG,2023-03-26,2023-04-22,27,0.4427,0.4484,ema_cross,0.8449270386266156
BTC,LONG,2023-03-20,2023-04-23,34,27955.8,27807.2,ema_cross,-0.4279385315390688
ETH,LONG,2023-04-22,2023-04-25,3,1848.01,1841.19,ema_cross,-0.3142286026590741
INJ,LONG,2023-04-05,2023-05-09,34,5.463,6.655,ema_cross,15.21154969796815
XLM,SHORT,2023-05-05,2023-06-01,27,0.09338,0.09253,ema_cross,0.581436281859073
FIL,SHORT,2023-05-13,2023-06-03,21,4.435,4.961,ema_cross,-8.361462908680958
FET,SHORT,2023-05-14,2023-06-03,20,0.2379,0.2731,ema_cross,-10.0
TRX,LONG,2023-06-03,2023-06-09,6,0.08255,0.07500504873546608,cat_stop,-6.451340156050481
HBAR,SHORT,2023-06-07,2023-06-24,17,0.04948,0.05202,ema_cross,-3.650808407437339
ZEC,SHORT,2023-05-15,2023-06-26,42,32.9,30.49,ema_cross,5.0737106382978725
AVAX,SHORT,2023-05-15,2023-06-27,43,15.014,13.148,ema_cross,8.647360063940322
DOGE,SHORT,2023-06-09,2023-07-02,23,0.06791,0.06849,ema_cross,-0.6540892357531999
ADA,SHORT,2023-06-25,2023-07-13,18,0.2891,0.3435012172714561,cat_stop,-10.0
BNB,SHORT,2023-06-11,2023-07-14,33,238.75,255.99,ema_cross,-5.112681549738222
BTC,LONG,2023-06-28,2023-07-23,25,30683.2,29783.5,ema_cross,-2.1077354252489977
BCH,LONG,2023-06-27,2023-07-25,28,223.57,238.27,ema_cross,4.544744285905986
SOL,LONG,2023-07-15,2023-08-04,20,26.67,22.634,ema_cross,-10.0
XRP,LONG,2023-07-24,2023-08-06,13,0.7379,0.6286,ema_cross,-10.0
ID,SHORT,2023-07-14,2023-08-10,27,0.278,0.2617,ema_cross,4.0499582733813035
XLM,LONG,2023-07-03,2023-08-11,39,0.10729,0.13887,ema_cross,20.53972895889645
DOGE,LONG,2023-08-05,2023-08-16,11,0.07341,0.07086,ema_cross,-2.4865762157744142
UNI,LONG,2023-07-26,2023-08-17,22,5.788,5.455,ema_cross,-4.081686938493437
HBAR,LONG,2023-08-16,2023-08-17,1,0.0676,0.05573233420090423,cat_stop,-10.0
HBAR,LONG,2023-08-18,2023-08-29,11,0.05747,0.05615,ema_cross,-1.663152253349576
FIL,SHORT,2023-08-17,2023-09-21,35,3.726,3.364,ema_cross,6.747579173376278
1000PEPE,SHORT,2023-09-22,2023-09-29,7,0.0006114,0.0007832028570086919,cat_stop,-10.0
ETH,SHORT,2023-08-19,2023-10-01,43,1660.76,1670.17,ema_cross,-0.45278429152918287
1000PEPE,SHORT,2023-09-30,2023-10-01,1,0.0007908,0.0007981,ema_cross,-0.7024395548811343
UNI,SHORT,2023-08-30,2023-10-02,33,4.797,4.652,ema_cross,2.060752136752131
AVAX,SHORT,2023-08-18,2023-10-05,48,10.568,10.093,ema_cross,3.091549205147613
TRX,LONG,2023-10-02,2023-10-12,10,0.09007,0.08483996445641989,cat_stop,-4.119018175367904
WLD,LONG,2023-10-02,2023-10-14,12,1.7782,1.4846,ema_cross,-10.0
DOGE,SHORT,2023-08-20,2023-10-24,65,0.06376,0.06745,ema_cross,-4.108749686323713
NEAR,SHORT,2023-10-15,2023-10-24,9,1.011,1.127744398534372,cat_stop,-8.142426053971327
BCH,LONG,2023-10-25,2023-11-13,19,251.69,236.6,ema_cross,-4.251150701259487
LINK,LONG,2023-10-03,2023-12-17,75,7.465,14.33,ema_cross,64.2919946416611
TRX,LONG,2023-10-13,2023-12-18,66,0.08476,0.10194,ema_cross,14.126621047663992
ADA,LONG,2023-11-14,2024-01-06,53,0.3569,0.5411,ema_cross,36.05731577472682
AVAX,LONG,2023-12-18,2024-01-06,19,40.63,36.458,ema_cross,-7.240917154811722
BTC,LONG,2023-10-21,2024-01-16,87,29653.0,42515.0,ema_cross,30.294381546555158
SOL,LONG,2023-10-25,2024-01-16,83,30.157,94.36,ema_cross,148.91148071757803
NEAR,LONG,2024-01-07,2024-01-16,9,3.476,3.305,ema_cross,-3.4982359033371653
INJ,LONG,2023-12-19,2024-01-21,33,36.894,35.421,ema_cross,-2.8496454708082593
HBAR,SHORT,2024-01-27,2024-02-10,14,0.07447,0.07936,ema_cross,-4.654320397475499
DOGE,SHORT,2024-01-17,2024-02-12,26,0.08136,0.08122,ema_cross,0.06450049164208563
XRP,SHORT,2024-01-17,2024-02-16,30,0.5759,0.5624,ema_cross,1.5855662441396023
XLM,SHORT,2024-01-19,2024-02-16,28,0.11423,0.11678,ema_cross,-1.6192618401470695
ZEC,SHORT,2024-01-07,2024-02-18,42,23.07,24.85,ema_cross,-5.45911400086693
SUI,LONG,2024-02-17,2024-02-28,11,1.8083,1.369609577199728,cat_stop,-10.0
TRX,LONG,2024-02-11,2024-03-13,31,0.12437,0.13147,ema_cross,3.938542092144413
LINK,LONG,2024-02-17,2024-03-18,30,19.567,18.68,ema_cross,-3.227930495221548
ETH,LONG,2024-02-29,2024-03-22,22,3387.07,3495.16,ema_cross,2.1769841072076983
ID,LONG,2024-02-13,2024-03-31,47,0.6159,1.0355,ema_cross,47.614484169508046
WLD,LONG,2024-02-19,2024-03-31,41,5.8991,8.1222,ema_cross,26.313234832432062
1000PEPE,LONG,2024-03-14,2024-04-06,23,0.0090412,0.0065754,ema_cross,-10.0
FET,LONG,2024-03-19,2024-04-12,24,2.4904,2.5508,ema_cross,1.6410401541920978
ONDO,LONG,2024-04-01,2024-04-12,11,0.9776,0.652471846453117,cat_stop,-10.0
BCH,LONG,2024-04-07,2024-04-12,5,694.34,510.1239350246312,cat_stop,-10.0
BCH,LONG,2024-04-13,2024-04-15,2,532.7,525.0,ema_cross,-1.0674218134034223
BNB,LONG,2024-03-23,2024-04-17,25,554.32,537.51,ema_cross,-2.1779319526627288
TRX,SHORT,2024-04-01,2024-04-28,27,0.12313,0.11966,ema_cross,1.9175008527572488
ONDO,LONG,2024-04-13,2024-04-29,16,0.6987,0.7737,ema_cross,7.454948905109497
ZEC,SHORT,2024-04-13,2024-05-19,36,23.21,23.55,ema_cross,-1.0818302455837998
ADA,SHORT,2024-04-16,2024-05-21,35,0.4606,0.5021,ema_cross,-6.365513677811547
UNI,SHORT,2024-04-18,2024-05-21,33,6.886,9.33,ema_cross,-10.0
AVAX,SHORT,2024-04-29,2024-05-21,22,33.941,40.119,ema_cross,-10.0
XLM,SHORT,2024-05-20,2024-05-23,3,0.10552,0.11072,ema_cross,-3.5069628506444253
HBAR,LONG,2024-04-30,2024-05-28,28,0.10314,0.10687,ema_cross,2.4744979639325266
LINK,LONG,2024-05-31,2024-06-10,10,17.949,16.368,ema_cross,-6.219336787564778
1000PEPE,LONG,2024-05-23,2024-06-11,19,0.0133987,0.0120847,ema_cross,-6.918099158873618
UNI,LONG,2024-05-27,2024-06-11,15,11.177,8.776057888945882,cat_stop,-10.0
ETH,LONG,2024-05-26,2024-06-14,19,3751.16,3469.18,ema_cross,-5.3158941554079275
ONDO,LONG,2024-05-30,2024-06-18,19,1.166,1.1071,ema_cross,-3.590606174957116
XRP,SHORT,2024-06-13,2024-07-13,30,0.4916,0.5527488478583643,cat_stop,-8.766601134714275
XLM,SHORT,2024-06-11,2024-07-14,33,0.10001,0.10216,ema_cross,-1.561451454854514
WLD,SHORT,2024-06-16,2024-07-19,33,3.387,2.648,ema_cross,15.22321228225568
FET,SHORT,2024-06-17,2024-07-19,32,1.472,1.4025,ema_cross,3.250349184782604
ID,SHORT,2024-06-19,2024-07-19,30,0.45949,0.46339,ema_cross,-0.6503746327450022
DOGE,SHORT,2024-07-15,2024-07-19,4,0.11527,0.11948,ema_cross,-2.61362887134554
HBAR,SHORT,2024-07-20,2024-07-21,1,0.0746,0.07456,ema_cross,-0.018451474530832637
XLM,LONG,2024-07-22,2024-08-03,12,0.10541,0.09547,ema_cross,-6.654251399297982
XRP,LONG,2024-07-20,2024-08-05,16,0.573,0.46575168128592037,cat_stop,-10.0
TON,SHORT,2024-08-06,2024-08-09,3,5.2665,6.446432541200489,cat_stop,-10.0
UNI,SHORT,2024-07-20,2024-08-24,35,7.989,6.995,ema_cross,8.656959319063711
ENA,SHORT,2024-07-14,2024-08-26,43,0.3992,0.3486,ema_cross,8.820294589178355
HBAR,SHORT,2024-08-04,2024-08-26,22,0.05818,0.05895,ema_cross,-0.9828057751804742
1000PEPE,SHORT,2024-08-25,2024-08-26,1,0.0094874,0.0091358,ema_cross,2.539215211754541
ZEC,LONG,2024-07-20,2024-08-29,40,29.5,33.5,ema_cross,9.431728813559321
UNI,SHORT,2024-09-01,2024-09-10,9,5.938,6.728,ema_cross,-9.372625126305154
TRX,LONG,2024-08-27,2024-09-15,19,0.16144,0.14741,ema_cross,-6.136941278493552
ONDO,SHORT,2024-09-02,2024-09-21,19,0.5909,0.689,ema_cross,-10.0
ENA,SHORT,2024-09-16,2024-09-21,5,0.2119,0.2802523962814407,cat_stop,-10.0
ETH,SHORT,2024-08-10,2024-09-22,43,2597.89,2611.4,ema_cross,-0.4201718009615555
HBAR,SHORT,2024-08-31,2024-09-22,22,0.05131,0.05603,ema_cross,-6.497866302864941
FET,LONG,2024-09-22,2024-10-06,14,1.6294,1.4048,ema_cross,-9.701090953725293
ZEC,SHORT,2024-09-11,2024-10-11,30,30.78,33.78,ema_cross,-6.881341130604289
NEAR,LONG,2024-09-30,2024-10-11,11,5.501,4.59,ema_cross,-10.0
TAO,LONG,2024-09-25,2024-10-24,29,550.17,527.34,ema_cross,-2.9595766399476435
SUI,LONG,2024-09-22,2024-10-27,35,1.4809,1.7941,ema_cross,14.742588966169217
ENA,LONG,2024-10-19,2024-11-04,16,0.4132,0.3369,ema_cross,-10.0
TRX,LONG,2024-11-01,2024-11-05,4,0.16854,0.1596716803786864,cat_stop,-3.737820698603032
TON,SHORT,2024-11-01,2024-11-10,9,4.8491,5.46075559749821,cat_stop,-8.889189289064907
ZEC,LONG,2024-10-18,2024-12-18,61,36.12,55.28,ema_cross,37.06093023255815
DOGE,LONG,2024-10-24,2024-12-19,56,0.13998,0.35809,ema_cross,108.97095327903988
ADA,LONG,2024-11-13,2024-12-20,37,0.5715,0.8802,ema_cross,37.739899212598424
TRX,LONG,2024-12-21,2024-12-22,1,0.24855,0.24484,ema_cross,-1.1004422450211202
BTC,LONG,2024-11-12,2024-12-24,42,88729.0,94861.0,ema_cross,4.779716665351802
LINK,LONG,2024-12-23,2024-12-28,5,22.083,21.558,ema_cross,-1.7195103926096955
ENA,LONG,2024-11-13,2024-12-29,46,0.5918,0.9465,ema_cross,41.882270361608654
XRP,LONG,2024-12-19,2024-12-30,11,2.3089,2.0926,ema_cross,-6.61104508640478
SOL,SHORT,2024-12-25,2025-01-05,11,196.98,216.57,ema_cross,-7.020405117270791
INJ,SHORT,2024-12-29,2025-01-07,9,21.294,25.959,ema_cross,-10.0
FET,SHORT,2025-01-02,2025-01-07,5,1.3184,1.5709,ema_cross,-10.0
HBAR,LONG,2024-12-20,2025-01-13,24,0.26743,0.27791,ema_cross,2.686050480499567
BCH,SHORT,2025-01-01,2025-01-18,17,434.35,489.32,ema_cross,-8.918528283642218
SOL,LONG,2025-01-24,2025-02-03,10,253.01,203.42,ema_cross,-10.0
BNB,SHORT,2025-02-05,2025-02-12,7,572.81,681.0336971129769,cat_stop,-10.0
ZEC,SHORT,2025-02-02,2025-03-01,27,39.18,37.57,ema_cross,2.8216181725370078
TON,SHORT,2025-01-25,2025-03-19,53,5.0655,3.5624,ema_cross,20.723604540519204
ID,SHORT,2025-01-27,2025-03-21,53,0.36644,0.26657,ema_cross,19.0295156642288
FET,SHORT,2025-01-31,2025-04-19,78,1.0456,0.5042,ema_cross,36.20371614384086
WLD,SHORT,2025-03-22,2025-04-23,32,0.8156,0.8389,ema_cross,-2.056554683668464
DOGE,SHORT,2025-03-02,2025-04-24,53,0.20663,0.17857,ema_cross,9.453682427527463
IO,SHORT,2025-03-20,2025-04-24,35,0.8671,0.7412,ema_cross,10.111829777418983
ETH,SHORT,2025-02-13,2025-04-25,71,2737.14,1768.79,ema_cross,24.71862380440898
NEAR,SHORT,2025-04-20,2025-04-25,5,2.182,2.542,ema_cross,-10.0
SUI,LONG,2025-04-29,2025-05-29,30,3.5246,3.6032,ema_cross,1.5044037905010543
TAO,LONG,2025-04-26,2025-06-03,38,353.21,403.66,ema_cross,9.938301973330322
FET,LONG,2025-04-27,2025-06-03,37,0.7796,0.782,ema_cross,0.159408927655214
WLD,LONG,2025-05-01,2025-06-04,34,1.1274,1.1878,ema_cross,3.692721660457691
BCH,LONG,2025-04-27,2025-06-06,40,354.95,384.89,ema_cross,5.8461317932103105
ZEC,LONG,2025-05-30,2025-06-15,16,53.18,44.12,ema_cross,-10.0
TRX,LONG,2025-06-04,2025-06-18,14,0.27013,0.27122,ema_cross,0.22634361233481093
UNI,LONG,2025-06-12,2025-06-21,9,8.159,6.211034140053332,cat_stop,-10.0
SUI,SHORT,2025-06-28,2025-07-10,12,2.72,3.0722,ema_cross,-9.123596176470583
ID,SHORT,2025-06-23,2025-07-11,18,0.1405,0.17013,ema_cross,-10.0
XLM,LONG,2025-07-13,2025-08-03,21,0.39277,0.36683,ema_cross,-4.677212618071648
ADA,LONG,2025-07-16,2025-08-03,18,0.7467,0.6971,ema_cross,-4.703932503013256
XRP,LONG,2025-07-15,2025-08-04,20,2.9583,2.9462,ema_cross,-0.34219855998376925
HBAR,LONG,2025-07-15,2025-08-20,36,0.23686,0.23141,ema_cross,-1.6660118213290502
TON,LONG,2025-08-05,2025-08-21,16,3.4181,3.2787,ema_cross,-2.9096604546385367
ENA,LONG,2025-08-04,2025-08-28,24,0.5935,0.6096,ema_cross,1.8421452401010956
TRX,LONG,2025-07-11,2025-08-31,51,0.29385,0.33894,ema_cross,10.680898009188367
ADA,LONG,2025-08-29,2025-08-31,2,0.8571,0.8219,ema_cross,-2.929660483024152
LINK,LONG,2025-08-22,2025-09-06,15,24.803,22.284,ema_cross,-7.162376970527764
ETH,LONG,2025-08-04,2025-09-07,34,3495.01,4271.68,ema_cross,15.49335557838175
TAO,SHORT,2025-09-05,2025-09-12,7,314.27,357.71,ema_cross,-9.735626817704523
SOL,LONG,2025-09-14,2025-09-24,10,242.24,209.02718128094295,cat_stop,-9.64965650350834
WLD,LONG,2025-09-13,2025-09-27,14,1.6642,1.2852,ema_cross,-10.0
AVAX,LONG,2025-09-18,2025-10-08,20,31.827,27.911,ema_cross,-8.665367895183335
ESPORTS,LONG,2025-09-28,2025-10-10,12,0.16488,0.10433604943208621,cat_stop,-10.0
BNB,LONG,2025-08-21,2025-10-21,61,869.72,1099.73,ema_cross,18.449104769351056
FET,SHORT,2025-10-22,2025-11-07,16,0.2439,0.3901185371111593,cat_stop,-10.0
UNI,SHORT,2025-10-09,2025-11-10,32,8.07,9.495386928532582,cat_stop,-10.0
ZEC,LONG,2025-09-17,2025-11-29,73,51.32,452.04,ema_cross,546.3037007014809
TON,SHORT,2025-09-28,2025-12-29,92,2.7079,1.6517,ema_cross,27.257997414971012
ESPORTS,LONG,2025-10-11,2026-01-01,82,0.14969,0.40138,ema_cross,117.59549762843211
AVAX,SHORT,2025-11-08,2026-01-03,56,17.739,13.805,ema_cross,15.474196290659004
SUI,SHORT,2025-11-11,2026-01-04,54,2.1618,1.665,ema_cross,16.037029142381343
WLD,SHORT,2026-01-02,2026-01-05,3,0.5209,0.6006,ema_cross,-10.0
ONDO,SHORT,2025-12-30,2026-01-05,6,0.3766,0.4559394431020065,cat_stop,-10.0
ADA,SHORT,2025-11-30,2026-01-06,37,0.4143,0.4208,ema_cross,-1.1546772869901047
INJ,SHORT,2026-01-05,2026-01-06,1,5.179,5.386,ema_cross,-2.8549565553195575
UB,SHORT,2026-01-04,2026-01-07,3,0.03665,0.04595788938952565,cat_stop,-10.0
UB,SHORT,2026-01-08,2026-01-09,1,0.04218,0.04709,ema_cross,-8.207670934091981
1000PEPE,LONG,2026-01-07,2026-01-19,12,0.0067066,0.005206735012187529,cat_stop,-10.0
FET,LONG,2026-01-14,2026-01-19,5,0.2934,0.22910629765662996,cat_stop,-10.0
SUI,LONG,2026-01-15,2026-01-20,5,1.8519,1.491401226200369,cat_stop,-10.0
BTC,LONG,2026-01-18,2026-01-20,2,95107.9,87899.64931833699,cat_stop,-5.359194757715435
1000PEPE,LONG,2026-01-20,2026-01-21,1,0.005274,0.0049849,ema_cross,-3.8915906712172985
TRX,LONG,2026-01-20,2026-01-27,7,0.31175,0.2964,ema_cross,-3.501293344025668
WLD,SHORT,2026-01-28,2026-01-28,0,0.4649,0.5683664772280141,cat_stop,-10.0
LAB,LONG,2026-01-16,2026-02-02,17,0.1438,0.13499,ema_cross,-4.342879833101536
XPL,SHORT,2026-01-27,2026-03-03,35,0.1248,0.1046,ema_cross,11.278660256410253
TAO,SHORT,2026-01-25,2026-03-06,40,237.91,185.51,ema_cross,15.367761926779034
WLD,SHORT,2026-01-29,2026-03-06,36,0.584,0.4082,ema_cross,21.02434657534246
BNB,SHORT,2026-03-04,2026-03-13,9,633.45,651.96,ema_cross,-2.1022834951456297
LINK,SHORT,2026-02-03,2026-03-14,39,9.801,9.08,ema_cross,5.095534333231303
SOL,SHORT,2026-01-27,2026-03-15,47,124.17,88.0,ema_cross,20.342749778529438
ALLO,LONG,2026-03-07,2026-03-23,16,0.1292,0.10917,ema_cross,-10.0
BCH,SHORT,2026-03-15,2026-03-26,11,467.32,473.27,ema_cross,-0.947608747753144
ESPORTS,SHORT,2026-03-07,2026-03-26,19,0.30302,0.38472326687460356,cat_stop,-10.0
BEAT,LONG,2026-03-24,2026-03-27,3,0.7358,0.4831774368727308,cat_stop,-10.0
BEAT,LONG,2026-03-28,2026-04-03,6,0.5146,0.3474,ema_cross,-10.0
TAO,LONG,2026-03-17,2026-04-13,27,279.98,259.09,ema_cross,-5.276783913136663
FET,LONG,2026-03-27,2026-04-19,23,0.2421,0.2149,ema_cross,-7.917372986369269
ESPORTS,LONG,2026-04-05,2026-04-20,15,0.44398,0.34995349332761966,cat_stop,-10.0
XPL,LONG,2026-04-20,2026-04-21,1,0.1037,0.1045,ema_cross,0.48380327868852124
UB,LONG,2026-04-23,2026-04-23,0,0.06746,0.04597907466671111,cat_stop,-10.0
UB,LONG,2026-04-24,2026-05-23,29,0.05329,0.11311,ema_cross,78.49016325764684
GUA,LONG,2026-03-14,2026-05-28,75,0.28359,0.3209,ema_cross,9.149738284142602
TRX,LONG,2026-03-27,2026-05-29,63,0.31137,0.34481,eod,7.4587370652278695
LAB,LONG,2026-04-14,2026-05-29,45,0.58417,5.7431,eod,617.8816721844668
ZEC,LONG,2026-04-21,2026-05-29,38,312.01,543.31,eod,51.81581051889361
INJ,LONG,2026-05-24,2026-05-29,5,5.337,6.399,eod,13.867602023608773
NEAR,LONG,2026-05-29,2026-05-29,0,2.419,2.571,eod,4.340752377015299
