dt,equity_usd
2020-05-31 00:00:00+00:00,45.0
2020-06-01 00:00:00+00:00,45.0
2020-06-02 00:00:00+00:00,45.0
2020-06-03 00:00:00+00:00,45.0
2020-06-04 00:00:00+00:00,45.0
2020-06-05 00:00:00+00:00,45.0
2020-06-06 00:00:00+00:00,45.0
2020-06-07 00:00:00+00:00,45.0
2020-06-08 00:00:00+00:00,45.0
2020-06-09 00:00:00+00:00,45.0
2020-06-10 00:00:00+00:00,45.0
2020-06-11 00:00:00+00:00,45.0
2020-06-12 00:00:00+00:00,45.0
2020-06-13 00:00:00+00:00,45.0
2020-06-14 00:00:00+00:00,45.0
2020-06-15 00:00:00+00:00,45.0
2020-06-16 00:00:00+00:00,45.0
2020-06-17 00:00:00+00:00,45.0
2020-06-18 00:00:00+00:00,45.0
2020-06-19 00:00:00+00:00,45.0
2020-06-20 00:00:00+00:00,45.0
2020-06-21 00:00:00+00:00,45.0
2020-06-22 00:00:00+00:00,45.0
2020-06-23 00:00:00+00:00,45.0
2020-06-24 00:00:00+00:00,45.0
2020-06-25 00:00:00+00:00,45.0
2020-06-26 00:00:00+00:00,45.0
2020-06-27 00:00:00+00:00,45.0
2020-06-28 00:00:00+00:00,45.0
2020-06-29 00:00:00+00:00,45.0
2020-06-30 00:00:00+00:00,45.0
2020-07-01 00:00:00+00:00,45.0
2020-07-02 00:00:00+00:00,45.0
2020-07-03 00:00:00+00:00,45.0
2020-07-04 00:00:00+00:00,45.0
2020-07-05 00:00:00+00:00,45.0
2020-07-06 00:00:00+00:00,45.0
2020-07-07 00:00:00+00:00,45.0
2020-07-08 00:00:00+00:00,45.0
2020-07-09 00:00:00+00:00,45.0
2020-07-10 00:00:00+00:00,45.0
2020-07-11 00:00:00+00:00,45.0
2020-07-12 00:00:00+00:00,45.0
2020-07-13 00:00:00+00:00,45.0
2020-07-14 00:00:00+00:00,45.0
2020-07-15 00:00:00+00:00,45.0
2020-07-16 00:00:00+00:00,45.0
2020-07-17 00:00:00+00:00,45.0
2020-07-18 00:00:00+00:00,45.0
2020-07-19 00:00:00+00:00,45.0
2020-07-20 00:00:00+00:00,45.0
2020-07-21 00:00:00+00:00,45.0
2020-07-22 00:00:00+00:00,45.0
2020-07-23 00:00:00+00:00,45.0
2020-07-24 00:00:00+00:00,45.0
2020-07-25 00:00:00+00:00,45.0
2020-07-26 00:00:00+00:00,45.0
2020-07-27 00:00:00+00:00,45.0
2020-07-28 00:00:00+00:00,45.0
2020-07-29 00:00:00+00:00,45.0
2020-07-30 00:00:00+00:00,45.0
2020-07-31 00:00:00+00:00,45.0
2020-08-01 00:00:00+00:00,45.0
2020-08-02 00:00:00+00:00,45.0
2020-08-03 00:00:00+00:00,45.0
2020-08-04 00:00:00+00:00,45.0
2020-08-05 00:00:00+00:00,45.0
2020-08-06 00:00:00+00:00,45.0
2020-08-07 00:00:00+00:00,45.0
2020-08-08 00:00:00+00:00,45.0
2020-08-09 00:00:00+00:00,45.0
2020-08-10 00:00:00+00:00,45.0
2020-08-11 00:00:00+00:00,45.0
2020-08-12 00:00:00+00:00,45.0
2020-08-13 00:00:00+00:00,45.0
2020-08-14 00:00:00+00:00,45.0
2020-08-15 00:00:00+00:00,45.0
2020-08-16 00:00:00+00:00,45.0
2020-08-17 00:00:00+00:00,45.0
2020-08-18 00:00:00+00:00,45.0
2020-08-19 00:00:00+00:00,45.0
2020-08-20 00:00:00+00:00,45.0
2020-08-21 00:00:00+00:00,45.0
2020-08-22 00:00:00+00:00,45.0
2020-08-23 00:00:00+00:00,45.0
2020-08-24 00:00:00+00:00,45.0
2020-08-25 00:00:00+00:00,45.0
2020-08-26 00:00:00+00:00,45.0
2020-08-27 00:00:00+00:00,45.0
2020-08-28 00:00:00+00:00,45.0
2020-08-29 00:00:00+00:00,45.0
2020-08-30 00:00:00+00:00,45.0
2020-08-31 00:00:00+00:00,45.0
2020-09-01 00:00:00+00:00,45.0
2020-09-02 00:00:00+00:00,45.0
2020-09-03 00:00:00+00:00,45.0
2020-09-04 00:00:00+00:00,45.0
2020-09-05 00:00:00+00:00,45.0
2020-09-06 00:00:00+00:00,45.0
2020-09-07 00:00:00+00:00,45.0
2020-09-08 00:00:00+00:00,45.0
2020-09-09 00:00:00+00:00,45.0
2020-09-10 00:00:00+00:00,45.0
2020-09-11 00:00:00+00:00,45.0
2020-09-12 00:00:00+00:00,45.0
2020-09-13 00:00:00+00:00,45.0
2020-09-14 00:00:00+00:00,45.0
2020-09-15 00:00:00+00:00,45.0
2020-09-16 00:00:00+00:00,45.0
2020-09-17 00:00:00+00:00,45.0
2020-09-18 00:00:00+00:00,45.0
2020-09-19 00:00:00+00:00,45.0
2020-09-20 00:00:00+00:00,45.0
2020-09-21 00:00:00+00:00,45.0
2020-09-22 00:00:00+00:00,45.0
2020-09-23 00:00:00+00:00,45.0
2020-09-24 00:00:00+00:00,45.0
2020-09-25 00:00:00+00:00,45.0
2020-09-26 00:00:00+00:00,45.0
2020-09-27 00:00:00+00:00,45.0
2020-09-28 00:00:00+00:00,45.0
2020-09-29 00:00:00+00:00,45.0
2020-09-30 00:00:00+00:00,45.0
2020-10-01 00:00:00+00:00,45.0
2020-10-02 00:00:00+00:00,45.0
2020-10-03 00:00:00+00:00,45.0
2020-10-04 00:00:00+00:00,45.0
2020-10-05 00:00:00+00:00,45.0
2020-10-06 00:00:00+00:00,45.0
2020-10-07 00:00:00+00:00,45.0
2020-10-08 00:00:00+00:00,45.0
2020-10-09 00:00:00+00:00,45.0
2020-10-10 00:00:00+00:00,45.0
2020-10-11 00:00:00+00:00,45.0
2020-10-12 00:00:00+00:00,45.0
2020-10-13 00:00:00+00:00,45.0
2020-10-14 00:00:00+00:00,45.0
2020-10-15 00:00:00+00:00,45.0
2020-10-16 00:00:00+00:00,44.71752723973926
2020-10-17 00:00:00+00:00,44.65576157997992
2020-10-18 00:00:00+00:00,44.8052488033985
2020-10-19 00:00:00+00:00,44.953034367474814
2020-10-20 00:00:00+00:00,44.90751555246789
2020-10-21 00:00:00+00:00,45.67757022265059
2020-10-22 00:00:00+00:00,45.98740308130959
2020-10-23 00:00:00+00:00,45.926826189783576
2020-10-24 00:00:00+00:00,46.19028454538236
2020-10-25 00:00:00+00:00,45.96218744623801
2020-10-26 00:00:00+00:00,45.58323677452744
2020-10-27 00:00:00+00:00,46.13020580369764
2020-10-28 00:00:00+00:00,45.676506234968755
2020-10-29 00:00:00+00:00,45.725798495738076
2020-10-30 00:00:00+00:00,45.62400951166879
2020-10-31 00:00:00+00:00,45.84327044921342
2020-11-01 00:00:00+00:00,46.05362577549947
2020-11-02 00:00:00+00:00,45.51325786461574
2020-11-03 00:00:00+00:00,45.63093244541052
2020-11-04 00:00:00+00:00,45.799500679051334
2020-11-05 00:00:00+00:00,46.897878413914086
2020-11-06 00:00:00+00:00,47.40847715280464
2020-11-07 00:00:00+00:00,46.70514604237895
2020-11-08 00:00:00+00:00,47.52161448840976
2020-11-09 00:00:00+00:00,47.23772917670777
2020-11-10 00:00:00+00:00,47.174199690131054
2020-11-11 00:00:00+00:00,47.51296548825196
2020-11-12 00:00:00+00:00,47.89599469782223
2020-11-13 00:00:00+00:00,48.02308778671099
2020-11-14 00:00:00+00:00,47.54693900701826
2020-11-15 00:00:00+00:00,47.30607441287644
2020-11-16 00:00:00+00:00,48.130690792690885
2020-11-17 00:00:00+00:00,49.18001809839262
2020-11-18 00:00:00+00:00,49.01271925598852
2020-11-19 00:00:00+00:00,49.11960220025855
2020-11-20 00:00:00+00:00,50.507853975819835
2020-11-21 00:00:00+00:00,53.96503258962201
2020-11-22 00:00:00+00:00,53.18095996950049
2020-11-23 00:00:00+00:00,56.94210730782518
2020-11-24 00:00:00+00:00,59.697015619341954
2020-11-25 00:00:00+00:00,56.861592148555836
2020-11-26 00:00:00+00:00,51.60728399820659
2020-11-27 00:00:00+00:00,51.6198859703498
2020-11-28 00:00:00+00:00,52.877514856838545
2020-11-29 00:00:00+00:00,53.743941135895575
2020-11-30 00:00:00+00:00,55.67133657745562
2020-12-01 00:00:00+00:00,53.814064405610765
2020-12-02 00:00:00+00:00,54.428747734711095
2020-12-03 00:00:00+00:00,54.92277020357803
2020-12-04 00:00:00+00:00,53.21283276269877
2020-12-05 00:00:00+00:00,54.30353726156431
2020-12-06 00:00:00+00:00,54.48607462189581
2020-12-07 00:00:00+00:00,54.02536385924931
2020-12-08 00:00:00+00:00,52.43688280810948
2020-12-09 00:00:00+00:00,52.91182746826232
2020-12-10 00:00:00+00:00,52.289230652050385
2020-12-11 00:00:00+00:00,51.88451743804426
2020-12-12 00:00:00+00:00,52.844092576775466
2020-12-13 00:00:00+00:00,53.80311620324942
2020-12-14 00:00:00+00:00,53.732964699446676
2020-12-15 00:00:00+00:00,53.601903191500035
2020-12-16 00:00:00+00:00,56.324022784468916
2020-12-17 00:00:00+00:00,57.545579847208856
2020-12-18 00:00:00+00:00,58.069192266877366
2020-12-19 00:00:00+00:00,58.54519829731087
2020-12-20 00:00:00+00:00,59.025674096916994
2020-12-21 00:00:00+00:00,58.11096661633467
2020-12-22 00:00:00+00:00,58.465039899540955
2020-12-23 00:00:00+00:00,55.21861688734347
2020-12-24 00:00:00+00:00,57.58485865039752
2020-12-25 00:00:00+00:00,58.4458323318316
2020-12-26 00:00:00+00:00,59.484873627177215
2020-12-27 00:00:00+00:00,59.90629404507842
2020-12-28 00:00:00+00:00,61.40085947336676
2020-12-29 00:00:00+00:00,61.63211022074513
2020-12-30 00:00:00+00:00,62.72822021671634
2020-12-31 00:00:00+00:00,62.44567205227642
2021-01-01 00:00:00+00:00,63.98954475084513
2021-01-02 00:00:00+00:00,69.48226758797678
2021-01-03 00:00:00+00:00,73.0667307375546
2021-01-04 00:00:00+00:00,73.28399004586655
2021-01-05 00:00:00+00:00,75.72802422846516
2021-01-06 00:00:00+00:00,80.07894240177832
2021-01-07 00:00:00+00:00,81.1052610877719
2021-01-08 00:00:00+00:00,81.58170830605766
2021-01-09 00:00:00+00:00,83.43602224637024
2021-01-10 00:00:00+00:00,81.59243450835211
2021-01-11 00:00:00+00:00,76.5574043837724
2021-01-12 00:00:00+00:00,75.40020403365588
2021-01-13 00:00:00+00:00,79.03613080290349
2021-01-14 00:00:00+00:00,81.51423662789574
2021-01-15 00:00:00+00:00,78.99425868032135
2021-01-16 00:00:00+00:00,80.19771532902652
2021-01-17 00:00:00+00:00,80.78382733446774
2021-01-18 00:00:00+00:00,81.54547232925961
2021-01-19 00:00:00+00:00,81.79354405966113
2021-01-20 00:00:00+00:00,81.77418095805088
2021-01-21 00:00:00+00:00,74.35546858828579
2021-01-22 00:00:00+00:00,77.85517451384973
2021-01-23 00:00:00+00:00,77.27256296596772
2021-01-24 00:00:00+00:00,79.23427949504499
2021-01-25 00:00:00+00:00,78.17212861318339
2021-01-26 00:00:00+00:00,78.7584858609948
2021-01-27 00:00:00+00:00,75.1976293924607
2021-01-28 00:00:00+00:00,78.8103615614267
2021-01-29 00:00:00+00:00,79.881464651441
2021-01-30 00:00:00+00:00,80.44486734528537
2021-01-31 00:00:00+00:00,78.85158881661253
2021-02-01 00:00:00+00:00,81.36799439126266
2021-02-02 00:00:00+00:00,84.12993992568761
2021-02-03 00:00:00+00:00,87.43695610355155
2021-02-04 00:00:00+00:00,86.68584610615292
2021-02-05 00:00:00+00:00,91.62191365073915
2021-02-06 00:00:00+00:00,94.04386603100112
2021-02-07 00:00:00+00:00,94.53668609756218
2021-02-08 00:00:00+00:00,102.47195963743387
2021-02-09 00:00:00+00:00,105.35909626061063
2021-02-10 00:00:00+00:00,110.01022795279951
2021-02-11 00:00:00+00:00,111.31906918567545
2021-02-12 00:00:00+00:00,112.37635664729208
2021-02-13 00:00:00+00:00,111.37733061240985
2021-02-14 00:00:00+00:00,110.71900812611163
2021-02-15 00:00:00+00:00,109.74946283341795
2021-02-16 00:00:00+00:00,110.5423034813822
2021-02-17 00:00:00+00:00,115.99555315817179
2021-02-18 00:00:00+00:00,119.65443265438918
2021-02-19 00:00:00+00:00,133.13694163308006
2021-02-20 00:00:00+00:00,129.46045329572988
2021-02-21 00:00:00+00:00,133.61666158375138
2021-02-22 00:00:00+00:00,127.74372926718048
2021-02-23 00:00:00+00:00,113.99042260572463
2021-02-24 00:00:00+00:00,116.69658882403084
2021-02-25 00:00:00+00:00,113.95025172852945
2021-02-26 00:00:00+00:00,116.01165800592322
2021-02-27 00:00:00+00:00,117.20769893274934
2021-02-28 00:00:00+00:00,116.09705007628658
2021-03-01 00:00:00+00:00,120.17078298051105
2021-03-02 00:00:00+00:00,117.34431110481611
2021-03-03 00:00:00+00:00,118.28057042604757
2021-03-04 00:00:00+00:00,115.0523200359343
2021-03-05 00:00:00+00:00,115.97432322063463
2021-03-06 00:00:00+00:00,115.63300102220622
2021-03-07 00:00:00+00:00,117.01977426822896
2021-03-08 00:00:00+00:00,118.32384999686123
2021-03-09 00:00:00+00:00,121.87523508382672
2021-03-10 00:00:00+00:00,120.95116566373208
2021-03-11 00:00:00+00:00,122.44944050515755
2021-03-12 00:00:00+00:00,120.60595392897895
2021-03-13 00:00:00+00:00,124.6998868873983
2021-03-14 00:00:00+00:00,121.85039167550953
2021-03-15 00:00:00+00:00,118.96483911547455
2021-03-16 00:00:00+00:00,123.92604953609828
2021-03-17 00:00:00+00:00,127.56640836142005
2021-03-18 00:00:00+00:00,123.92099582200107
2021-03-19 00:00:00+00:00,125.40031384023455
2021-03-20 00:00:00+00:00,123.8697287667153
2021-03-21 00:00:00+00:00,123.01708555199342
2021-03-22 00:00:00+00:00,119.02317988407694
2021-03-23 00:00:00+00:00,119.29256078104387
2021-03-24 00:00:00+00:00,116.61666463533105
2021-03-25 00:00:00+00:00,116.39989584126481
2021-03-26 00:00:00+00:00,122.31830806558568
2021-03-27 00:00:00+00:00,122.32727043262274
2021-03-28 00:00:00+00:00,122.47853658779171
2021-03-29 00:00:00+00:00,124.16900896976904
2021-03-30 00:00:00+00:00,126.30106492827717
2021-03-31 00:00:00+00:00,126.98362036089314
2021-04-01 00:00:00+00:00,126.86908476487203
2021-04-02 00:00:00+00:00,126.91247360306517
2021-04-03 00:00:00+00:00,125.70802919110186
2021-04-04 00:00:00+00:00,127.52747963617367
2021-04-05 00:00:00+00:00,128.4734299389733
2021-04-06 00:00:00+00:00,129.23737562763242
2021-04-07 00:00:00+00:00,126.06096145124016
2021-04-08 00:00:00+00:00,128.81576076864584
2021-04-09 00:00:00+00:00,129.3219052485812
2021-04-10 00:00:00+00:00,130.64743184949404
2021-04-11 00:00:00+00:00,132.59843336781623
2021-04-12 00:00:00+00:00,133.69581695588553
2021-04-13 00:00:00+00:00,136.748338272883
2021-04-14 00:00:00+00:00,136.8463099227134
2021-04-15 00:00:00+00:00,137.8243664089827
2021-04-16 00:00:00+00:00,134.88716796315168
2021-04-17 00:00:00+00:00,133.24867538737448
2021-04-18 00:00:00+00:00,128.5762858018729
2021-04-19 00:00:00+00:00,126.3977088512775
2021-04-20 00:00:00+00:00,128.96721006254884
2021-04-21 00:00:00+00:00,126.04631587049246
2021-04-22 00:00:00+00:00,124.29300559636366
2021-04-23 00:00:00+00:00,120.11921621622895
2021-04-24 00:00:00+00:00,119.92362501278922
2021-04-25 00:00:00+00:00,121.34365903462476
2021-04-26 00:00:00+00:00,122.21105976534521
2021-04-27 00:00:00+00:00,123.01302752897097
2021-04-28 00:00:00+00:00,123.72902346403221
2021-04-29 00:00:00+00:00,123.37304554550265
2021-04-30 00:00:00+00:00,124.48593530205682
2021-05-01 00:00:00+00:00,126.47677686840478
2021-05-02 00:00:00+00:00,125.69170909532563
2021-05-03 00:00:00+00:00,127.70485061387149
2021-05-04 00:00:00+00:00,126.06627541688239
2021-05-05 00:00:00+00:00,130.42219067432606
2021-05-06 00:00:00+00:00,129.80978852966717
2021-05-07 00:00:00+00:00,129.59651643257723
2021-05-08 00:00:00+00:00,131.05041860072583
2021-05-09 00:00:00+00:00,130.69160273305081
2021-05-10 00:00:00+00:00,128.8219024564053
2021-05-11 00:00:00+00:00,131.24989217263612
2021-05-12 00:00:00+00:00,127.54807976517635
2021-05-13 00:00:00+00:00,127.29243715868228
2021-05-14 00:00:00+00:00,129.3226593316092
2021-05-15 00:00:00+00:00,127.35997861465431
2021-05-16 00:00:00+00:00,127.8368123550026
2021-05-17 00:00:00+00:00,126.06563971374199
2021-05-18 00:00:00+00:00,128.11464516530427
2021-05-19 00:00:00+00:00,118.64713615387889
2021-05-20 00:00:00+00:00,120.47740017868952
2021-05-21 00:00:00+00:00,119.41349525446687
2021-05-22 00:00:00+00:00,117.92750391203172
2021-05-23 00:00:00+00:00,116.05458068520502
2021-05-24 00:00:00+00:00,116.05458068520502
2021-05-25 00:00:00+00:00,116.05458068520502
2021-05-26 00:00:00+00:00,116.05458068520502
2021-05-27 00:00:00+00:00,116.05458068520502
2021-05-28 00:00:00+00:00,116.05458068520502
2021-05-29 00:00:00+00:00,116.05458068520502
2021-05-30 00:00:00+00:00,116.05458068520502
2021-05-31 00:00:00+00:00,116.05458068520502
2021-06-01 00:00:00+00:00,116.05458068520502
2021-06-02 00:00:00+00:00,116.05458068520502
2021-06-03 00:00:00+00:00,116.05458068520502
2021-06-04 00:00:00+00:00,116.05458068520502
2021-06-05 00:00:00+00:00,116.05458068520502
2021-06-06 00:00:00+00:00,116.05458068520502
2021-06-07 00:00:00+00:00,116.05458068520502
2021-06-08 00:00:00+00:00,116.05458068520502
2021-06-09 00:00:00+00:00,116.05458068520502
2021-06-10 00:00:00+00:00,116.05458068520502
2021-06-11 00:00:00+00:00,116.05458068520502
2021-06-12 00:00:00+00:00,116.05458068520502
2021-06-13 00:00:00+00:00,116.05458068520502
2021-06-14 00:00:00+00:00,116.05458068520502
2021-06-15 00:00:00+00:00,116.05458068520502
2021-06-16 00:00:00+00:00,116.05458068520502
2021-06-17 00:00:00+00:00,116.05458068520502
2021-06-18 00:00:00+00:00,116.05458068520502
2021-06-19 00:00:00+00:00,116.05458068520502
2021-06-20 00:00:00+00:00,116.05458068520502
2021-06-21 00:00:00+00:00,116.05458068520502
2021-06-22 00:00:00+00:00,116.05458068520502
2021-06-23 00:00:00+00:00,116.05458068520502
2021-06-24 00:00:00+00:00,116.05458068520502
2021-06-25 00:00:00+00:00,116.05458068520502
2021-06-26 00:00:00+00:00,116.05458068520502
2021-06-27 00:00:00+00:00,116.05458068520502
2021-06-28 00:00:00+00:00,116.05458068520502
2021-06-29 00:00:00+00:00,116.05458068520502
2021-06-30 00:00:00+00:00,116.05458068520502
2021-07-01 00:00:00+00:00,116.05458068520502
2021-07-02 00:00:00+00:00,116.05458068520502
2021-07-03 00:00:00+00:00,116.05458068520502
2021-07-04 00:00:00+00:00,116.05458068520502
2021-07-05 00:00:00+00:00,116.05458068520502
2021-07-06 00:00:00+00:00,116.05458068520502
2021-07-07 00:00:00+00:00,116.05458068520502
2021-07-08 00:00:00+00:00,116.05458068520502
2021-07-09 00:00:00+00:00,116.05458068520502
2021-07-10 00:00:00+00:00,116.05458068520502
2021-07-11 00:00:00+00:00,116.05458068520502
2021-07-12 00:00:00+00:00,116.05458068520502
2021-07-13 00:00:00+00:00,116.05458068520502
2021-07-14 00:00:00+00:00,116.05458068520502
2021-07-15 00:00:00+00:00,116.05458068520502
2021-07-16 00:00:00+00:00,116.05458068520502
2021-07-17 00:00:00+00:00,116.05458068520502
2021-07-18 00:00:00+00:00,116.05458068520502
2021-07-19 00:00:00+00:00,116.05458068520502
2021-07-20 00:00:00+00:00,116.05458068520502
2021-07-21 00:00:00+00:00,116.05458068520502
2021-07-22 00:00:00+00:00,116.05458068520502
2021-07-23 00:00:00+00:00,116.05458068520502
2021-07-24 00:00:00+00:00,116.05458068520502
2021-07-25 00:00:00+00:00,116.05458068520502
2021-07-26 00:00:00+00:00,116.05458068520502
2021-07-27 00:00:00+00:00,116.05458068520502
2021-07-28 00:00:00+00:00,116.05458068520502
2021-07-29 00:00:00+00:00,116.05458068520502
2021-07-30 00:00:00+00:00,116.05458068520502
2021-07-31 00:00:00+00:00,116.05458068520502
2021-08-01 00:00:00+00:00,116.05458068520502
2021-08-02 00:00:00+00:00,116.05458068520502
2021-08-03 00:00:00+00:00,116.05458068520502
2021-08-04 00:00:00+00:00,116.05458068520502
2021-08-05 00:00:00+00:00,116.05458068520502
2021-08-06 00:00:00+00:00,116.05458068520502
2021-08-07 00:00:00+00:00,116.05458068520502
2021-08-08 00:00:00+00:00,116.05458068520502
2021-08-09 00:00:00+00:00,116.05458068520502
2021-08-10 00:00:00+00:00,117.07970088880586
2021-08-11 00:00:00+00:00,118.49714196220137
2021-08-12 00:00:00+00:00,117.74185495717981
2021-08-13 00:00:00+00:00,122.44497235479497
2021-08-14 00:00:00+00:00,122.79510124980075
2021-08-15 00:00:00+00:00,123.38608082622954
2021-08-16 00:00:00+00:00,122.04553643029156
2021-08-17 00:00:00+00:00,121.55577220026497
2021-08-18 00:00:00+00:00,124.66057029143398
2021-08-19 00:00:00+00:00,128.20096735274788
2021-08-20 00:00:00+00:00,133.06489378693772
2021-08-21 00:00:00+00:00,134.0229012817408
2021-08-22 00:00:00+00:00,135.48332691312777
2021-08-23 00:00:00+00:00,138.03296597848453
2021-08-24 00:00:00+00:00,138.59191678262505
2021-08-25 00:00:00+00:00,135.8995139827673
2021-08-26 00:00:00+00:00,131.11471387012557
2021-08-27 00:00:00+00:00,138.2136980203151
2021-08-28 00:00:00+00:00,137.74133199503598
2021-08-29 00:00:00+00:00,136.7601334199817
2021-08-30 00:00:00+00:00,133.0455592367109
2021-08-31 00:00:00+00:00,133.44946075947738
2021-09-01 00:00:00+00:00,137.39094699920793
2021-09-02 00:00:00+00:00,139.91936162263843
2021-09-03 00:00:00+00:00,140.66357841102038
2021-09-04 00:00:00+00:00,140.07782752241124
2021-09-05 00:00:00+00:00,142.97714071294385
2021-09-06 00:00:00+00:00,142.84600219775564
2021-09-07 00:00:00+00:00,129.3540137846156
2021-09-08 00:00:00+00:00,128.51541199686085
2021-09-09 00:00:00+00:00,130.121059165507
2021-09-10 00:00:00+00:00,131.52735958515845
2021-09-11 00:00:00+00:00,135.40611249504514
2021-09-12 00:00:00+00:00,137.35975751008976
2021-09-13 00:00:00+00:00,133.14787844537858
2021-09-14 00:00:00+00:00,134.5643676210312
2021-09-15 00:00:00+00:00,137.95497288109252
2021-09-16 00:00:00+00:00,140.9385547214108
2021-09-17 00:00:00+00:00,140.56918744713093
2021-09-18 00:00:00+00:00,140.7370356503721
2021-09-19 00:00:00+00:00,140.24650811181382
2021-09-20 00:00:00+00:00,131.95723725526358
2021-09-21 00:00:00+00:00,130.801186666574
2021-09-22 00:00:00+00:00,137.045025092897
2021-09-23 00:00:00+00:00,138.63512223655562
2021-09-24 00:00:00+00:00,136.11609024810951
2021-09-25 00:00:00+00:00,134.30764381091774
2021-09-26 00:00:00+00:00,133.56587240596605
2021-09-27 00:00:00+00:00,133.14180197930136
2021-09-28 00:00:00+00:00,130.9078574082181
2021-09-29 00:00:00+00:00,132.64150968186084
2021-09-30 00:00:00+00:00,133.55679574743044
2021-10-01 00:00:00+00:00,134.9449077693035
2021-10-02 00:00:00+00:00,135.84269524666124
2021-10-03 00:00:00+00:00,135.9764479282293
2021-10-04 00:00:00+00:00,134.60329693544378
2021-10-05 00:00:00+00:00,134.8444420889737
2021-10-06 00:00:00+00:00,133.30088518942148
2021-10-07 00:00:00+00:00,133.75350592652023
2021-10-08 00:00:00+00:00,133.0635070152228
2021-10-09 00:00:00+00:00,133.26761842019096
2021-10-10 00:00:00+00:00,130.6020239234031
2021-10-11 00:00:00+00:00,130.81316483437303
2021-10-12 00:00:00+00:00,130.85948191368337
2021-10-13 00:00:00+00:00,131.76493716528407
2021-10-14 00:00:00+00:00,132.83732586445382
2021-10-15 00:00:00+00:00,133.67015887090426
2021-10-16 00:00:00+00:00,133.95264865729945
2021-10-17 00:00:00+00:00,133.81503181182572
2021-10-18 00:00:00+00:00,134.01710800666785
2021-10-19 00:00:00+00:00,134.6184918308917
2021-10-20 00:00:00+00:00,136.39410045022476
2021-10-21 00:00:00+00:00,135.2135036313455
2021-10-22 00:00:00+00:00,135.0604360828546
2021-10-23 00:00:00+00:00,135.48384985304438
2021-10-24 00:00:00+00:00,135.23203697253444
2021-10-25 00:00:00+00:00,137.34930859352792
2021-10-26 00:00:00+00:00,136.2483551817475
2021-10-27 00:00:00+00:00,133.42304930763112
2021-10-28 00:00:00+00:00,135.36662966865643
2021-10-29 00:00:00+00:00,137.04551212740444
2021-10-30 00:00:00+00:00,136.64331950523916
2021-10-31 00:00:00+00:00,136.67381071262906
2021-11-01 00:00:00+00:00,136.88322513779664
2021-11-02 00:00:00+00:00,138.14772115949847
2021-11-03 00:00:00+00:00,138.97774786723363
2021-11-04 00:00:00+00:00,138.22120497540104
2021-11-05 00:00:00+00:00,138.414335991216
2021-11-06 00:00:00+00:00,139.43410490642353
2021-11-07 00:00:00+00:00,139.97545845635466
2021-11-08 00:00:00+00:00,141.44212471922853
2021-11-09 00:00:00+00:00,141.7084934198184
2021-11-10 00:00:00+00:00,139.90495119458538
2021-11-11 00:00:00+00:00,140.91820385437583
2021-11-12 00:00:00+00:00,140.39548225822404
2021-11-13 00:00:00+00:00,140.88288514141118
2021-11-14 00:00:00+00:00,141.30150080298614
2021-11-15 00:00:00+00:00,140.27273275677035
2021-11-16 00:00:00+00:00,137.07216547032706
2021-11-17 00:00:00+00:00,137.01627936755216
2021-11-18 00:00:00+00:00,134.11590026308366
2021-11-19 00:00:00+00:00,135.98492324959497
2021-11-20 00:00:00+00:00,137.6167455507677
2021-11-21 00:00:00+00:00,137.43386875737136
2021-11-22 00:00:00+00:00,136.6487485903512
2021-11-23 00:00:00+00:00,137.0956737116523
2021-11-24 00:00:00+00:00,137.31360448033655
2021-11-25 00:00:00+00:00,139.2447226947781
2021-11-26 00:00:00+00:00,136.090764094711
2021-11-27 00:00:00+00:00,136.67563753384593
2021-11-28 00:00:00+00:00,136.6548269585724
2021-11-29 00:00:00+00:00,137.48545610096124
2021-11-30 00:00:00+00:00,136.82093681523915
2021-12-01 00:00:00+00:00,137.0925629915964
2021-12-02 00:00:00+00:00,136.2957151813313
2021-12-03 00:00:00+00:00,135.42624741601117
2021-12-04 00:00:00+00:00,131.8009342788323
2021-12-05 00:00:00+00:00,131.6254454892568
2021-12-06 00:00:00+00:00,132.11637622017096
2021-12-07 00:00:00+00:00,131.97389683823155
2021-12-08 00:00:00+00:00,132.4574172939621
2021-12-09 00:00:00+00:00,131.82097570489705
2021-12-10 00:00:00+00:00,131.52928032721496
2021-12-11 00:00:00+00:00,131.7344102175249
2021-12-12 00:00:00+00:00,131.72273940748752
2021-12-13 00:00:00+00:00,131.72273940748752
2021-12-14 00:00:00+00:00,131.72273940748752
2021-12-15 00:00:00+00:00,131.72273940748752
2021-12-16 00:00:00+00:00,131.72273940748752
2021-12-17 00:00:00+00:00,131.72273940748752
2021-12-18 00:00:00+00:00,131.72273940748752
2021-12-19 00:00:00+00:00,131.72273940748752
2021-12-20 00:00:00+00:00,131.72273940748752
2021-12-21 00:00:00+00:00,131.72273940748752
2021-12-22 00:00:00+00:00,131.72273940748752
2021-12-23 00:00:00+00:00,131.72273940748752
2021-12-24 00:00:00+00:00,131.72273940748752
2021-12-25 00:00:00+00:00,131.72273940748752
2021-12-26 00:00:00+00:00,131.72273940748752
2021-12-27 00:00:00+00:00,131.72273940748752
2021-12-28 00:00:00+00:00,131.72273940748752
2021-12-29 00:00:00+00:00,131.72273940748752
2021-12-30 00:00:00+00:00,131.72273940748752
2021-12-31 00:00:00+00:00,131.72273940748752
2022-01-01 00:00:00+00:00,131.72273940748752
2022-01-02 00:00:00+00:00,131.72273940748752
2022-01-03 00:00:00+00:00,131.72273940748752
2022-01-04 00:00:00+00:00,131.72273940748752
2022-01-05 00:00:00+00:00,131.72273940748752
2022-01-06 00:00:00+00:00,131.72273940748752
2022-01-07 00:00:00+00:00,131.72273940748752
2022-01-08 00:00:00+00:00,131.72273940748752
2022-01-09 00:00:00+00:00,131.72273940748752
2022-01-10 00:00:00+00:00,131.72273940748752
2022-01-11 00:00:00+00:00,131.72273940748752
2022-01-12 00:00:00+00:00,131.72273940748752
2022-01-13 00:00:00+00:00,131.72273940748752
2022-01-14 00:00:00+00:00,131.72273940748752
2022-01-15 00:00:00+00:00,131.72273940748752
2022-01-16 00:00:00+00:00,131.72273940748752
2022-01-17 00:00:00+00:00,131.72273940748752
2022-01-18 00:00:00+00:00,131.72273940748752
2022-01-19 00:00:00+00:00,131.72273940748752
2022-01-20 00:00:00+00:00,131.72273940748752
2022-01-21 00:00:00+00:00,131.72273940748752
2022-01-22 00:00:00+00:00,131.72273940748752
2022-01-23 00:00:00+00:00,131.72273940748752
2022-01-24 00:00:00+00:00,131.72273940748752
2022-01-25 00:00:00+00:00,131.72273940748752
2022-01-26 00:00:00+00:00,131.72273940748752
2022-01-27 00:00:00+00:00,131.72273940748752
2022-01-28 00:00:00+00:00,131.72273940748752
2022-01-29 00:00:00+00:00,131.72273940748752
2022-01-30 00:00:00+00:00,131.72273940748752
2022-01-31 00:00:00+00:00,131.72273940748752
2022-02-01 00:00:00+00:00,131.72273940748752
2022-02-02 00:00:00+00:00,131.72273940748752
2022-02-03 00:00:00+00:00,131.72273940748752
2022-02-04 00:00:00+00:00,131.72273940748752
2022-02-05 00:00:00+00:00,131.72273940748752
2022-02-06 00:00:00+00:00,131.72273940748752
2022-02-07 00:00:00+00:00,131.72273940748752
2022-02-08 00:00:00+00:00,131.72273940748752
2022-02-09 00:00:00+00:00,131.72273940748752
2022-02-10 00:00:00+00:00,131.72273940748752
2022-02-11 00:00:00+00:00,131.72273940748752
2022-02-12 00:00:00+00:00,131.72273940748752
2022-02-13 00:00:00+00:00,131.72273940748752
2022-02-14 00:00:00+00:00,131.72273940748752
2022-02-15 00:00:00+00:00,131.72273940748752
2022-02-16 00:00:00+00:00,131.72273940748752
2022-02-17 00:00:00+00:00,131.72273940748752
2022-02-18 00:00:00+00:00,131.72273940748752
2022-02-19 00:00:00+00:00,131.72273940748752
2022-02-20 00:00:00+00:00,131.72273940748752
2022-02-21 00:00:00+00:00,131.72273940748752
2022-02-22 00:00:00+00:00,131.72273940748752
2022-02-23 00:00:00+00:00,131.72273940748752
2022-02-24 00:00:00+00:00,131.72273940748752
2022-02-25 00:00:00+00:00,131.72273940748752
2022-02-26 00:00:00+00:00,131.72273940748752
2022-02-27 00:00:00+00:00,131.72273940748752
2022-02-28 00:00:00+00:00,131.72273940748752
2022-03-01 00:00:00+00:00,131.72273940748752
2022-03-02 00:00:00+00:00,131.72273940748752
2022-03-03 00:00:00+00:00,131.72273940748752
2022-03-04 00:00:00+00:00,131.72273940748752
2022-03-05 00:00:00+00:00,131.72273940748752
2022-03-06 00:00:00+00:00,131.72273940748752
2022-03-07 00:00:00+00:00,131.72273940748752
2022-03-08 00:00:00+00:00,131.72273940748752
2022-03-09 00:00:00+00:00,131.72273940748752
2022-03-10 00:00:00+00:00,131.72273940748752
2022-03-11 00:00:00+00:00,131.72273940748752
2022-03-12 00:00:00+00:00,131.72273940748752
2022-03-13 00:00:00+00:00,131.72273940748752
2022-03-14 00:00:00+00:00,131.72273940748752
2022-03-15 00:00:00+00:00,131.72273940748752
2022-03-16 00:00:00+00:00,131.72273940748752
2022-03-17 00:00:00+00:00,131.72273940748752
2022-03-18 00:00:00+00:00,131.72273940748752
2022-03-19 00:00:00+00:00,131.72273940748752
2022-03-20 00:00:00+00:00,131.72273940748752
2022-03-21 00:00:00+00:00,131.72273940748752
2022-03-22 00:00:00+00:00,131.72273940748752
2022-03-23 00:00:00+00:00,131.72273940748752
2022-03-24 00:00:00+00:00,131.72273940748752
2022-03-25 00:00:00+00:00,131.72273940748752
2022-03-26 00:00:00+00:00,131.72273940748752
2022-03-27 00:00:00+00:00,131.72273940748752
2022-03-28 00:00:00+00:00,131.72273940748752
2022-03-29 00:00:00+00:00,133.1799009429234
2022-03-30 00:00:00+00:00,134.2045326426944
2022-03-31 00:00:00+00:00,133.0201646543852
2022-04-01 00:00:00+00:00,134.78207575894814
2022-04-02 00:00:00+00:00,134.2638863281545
2022-04-03 00:00:00+00:00,136.09436888244198
2022-04-04 00:00:00+00:00,135.62206038593467
2022-04-05 00:00:00+00:00,133.4773525098968
2022-04-06 00:00:00+00:00,128.04438024771235
2022-04-07 00:00:00+00:00,130.49296667007286
2022-04-08 00:00:00+00:00,128.73938299472715
2022-04-09 00:00:00+00:00,129.62755623478404
2022-04-10 00:00:00+00:00,127.67914797159665
2022-04-11 00:00:00+00:00,124.57738334108315
2022-04-12 00:00:00+00:00,125.22324032296635
2022-04-13 00:00:00+00:00,125.69456476792176
2022-04-14 00:00:00+00:00,125.11319544072889
2022-04-15 00:00:00+00:00,125.00184984331904
2022-04-16 00:00:00+00:00,125.02312359220761
2022-04-17 00:00:00+00:00,124.63607704283055
2022-04-18 00:00:00+00:00,124.87353696244735
2022-04-19 00:00:00+00:00,125.51698446434811
2022-04-20 00:00:00+00:00,125.11919822914749
2022-04-21 00:00:00+00:00,124.59806742489239
2022-04-22 00:00:00+00:00,124.56311979699363
2022-04-23 00:00:00+00:00,124.43874735653038
2022-04-24 00:00:00+00:00,124.2773715453508
2022-04-25 00:00:00+00:00,123.89962880262152
2022-04-26 00:00:00+00:00,123.07835954700057
2022-04-27 00:00:00+00:00,123.18166062358368
2022-04-28 00:00:00+00:00,123.17259564451865
2022-04-29 00:00:00+00:00,123.17259564451865
2022-04-30 00:00:00+00:00,123.17259564451865
2022-05-01 00:00:00+00:00,123.17259564451865
2022-05-02 00:00:00+00:00,123.17259564451865
2022-05-03 00:00:00+00:00,123.17259564451865
2022-05-04 00:00:00+00:00,123.17259564451865
2022-05-05 00:00:00+00:00,123.17259564451865
2022-05-06 00:00:00+00:00,123.17259564451865
2022-05-07 00:00:00+00:00,123.17259564451865
2022-05-08 00:00:00+00:00,123.17259564451865
2022-05-09 00:00:00+00:00,123.17259564451865
2022-05-10 00:00:00+00:00,123.17259564451865
2022-05-11 00:00:00+00:00,123.17259564451865
2022-05-12 00:00:00+00:00,123.17259564451865
2022-05-13 00:00:00+00:00,123.17259564451865
2022-05-14 00:00:00+00:00,123.17259564451865
2022-05-15 00:00:00+00:00,123.17259564451865
2022-05-16 00:00:00+00:00,123.17259564451865
2022-05-17 00:00:00+00:00,123.17259564451865
2022-05-18 00:00:00+00:00,123.17259564451865
2022-05-19 00:00:00+00:00,123.17259564451865
2022-05-20 00:00:00+00:00,123.17259564451865
2022-05-21 00:00:00+00:00,123.17259564451865
2022-05-22 00:00:00+00:00,123.17259564451865
2022-05-23 00:00:00+00:00,123.17259564451865
2022-05-24 00:00:00+00:00,123.17259564451865
2022-05-25 00:00:00+00:00,123.17259564451865
2022-05-26 00:00:00+00:00,123.17259564451865
2022-05-27 00:00:00+00:00,123.17259564451865
2022-05-28 00:00:00+00:00,123.17259564451865
2022-05-29 00:00:00+00:00,123.17259564451865
2022-05-30 00:00:00+00:00,123.17259564451865
2022-05-31 00:00:00+00:00,123.17259564451865
2022-06-01 00:00:00+00:00,123.17259564451865
2022-06-02 00:00:00+00:00,123.17259564451865
2022-06-03 00:00:00+00:00,123.17259564451865
2022-06-04 00:00:00+00:00,123.17259564451865
2022-06-05 00:00:00+00:00,123.17259564451865
2022-06-06 00:00:00+00:00,123.17259564451865
2022-06-07 00:00:00+00:00,123.17259564451865
2022-06-08 00:00:00+00:00,123.17259564451865
2022-06-09 00:00:00+00:00,123.17259564451865
2022-06-10 00:00:00+00:00,123.17259564451865
2022-06-11 00:00:00+00:00,123.17259564451865
2022-06-12 00:00:00+00:00,123.17259564451865
2022-06-13 00:00:00+00:00,123.17259564451865
2022-06-14 00:00:00+00:00,123.17259564451865
2022-06-15 00:00:00+00:00,123.17259564451865
2022-06-16 00:00:00+00:00,123.17259564451865
2022-06-17 00:00:00+00:00,123.17259564451865
2022-06-18 00:00:00+00:00,123.17259564451865
2022-06-19 00:00:00+00:00,123.17259564451865
2022-06-20 00:00:00+00:00,123.17259564451865
2022-06-21 00:00:00+00:00,123.17259564451865
2022-06-22 00:00:00+00:00,123.17259564451865
2022-06-23 00:00:00+00:00,123.17259564451865
2022-06-24 00:00:00+00:00,123.17259564451865
2022-06-25 00:00:00+00:00,123.17259564451865
2022-06-26 00:00:00+00:00,123.17259564451865
2022-06-27 00:00:00+00:00,123.17259564451865
2022-06-28 00:00:00+00:00,123.17259564451865
2022-06-29 00:00:00+00:00,123.17259564451865
2022-06-30 00:00:00+00:00,123.17259564451865
2022-07-01 00:00:00+00:00,123.17259564451865
2022-07-02 00:00:00+00:00,123.17259564451865
2022-07-03 00:00:00+00:00,123.17259564451865
2022-07-04 00:00:00+00:00,123.17259564451865
2022-07-05 00:00:00+00:00,123.17259564451865
2022-07-06 00:00:00+00:00,123.17259564451865
2022-07-07 00:00:00+00:00,123.17259564451865
2022-07-08 00:00:00+00:00,123.17259564451865
2022-07-09 00:00:00+00:00,123.17259564451865
2022-07-10 00:00:00+00:00,123.17259564451865
2022-07-11 00:00:00+00:00,123.17259564451865
2022-07-12 00:00:00+00:00,123.17259564451865
2022-07-13 00:00:00+00:00,123.17259564451865
2022-07-14 00:00:00+00:00,123.17259564451865
2022-07-15 00:00:00+00:00,123.17259564451865
2022-07-16 00:00:00+00:00,123.17259564451865
2022-07-17 00:00:00+00:00,123.17259564451865
2022-07-18 00:00:00+00:00,123.17259564451865
2022-07-19 00:00:00+00:00,123.17259564451865
2022-07-20 00:00:00+00:00,123.17259564451865
2022-07-21 00:00:00+00:00,123.17259564451865
2022-07-22 00:00:00+00:00,123.17259564451865
2022-07-23 00:00:00+00:00,123.17259564451865
2022-07-24 00:00:00+00:00,123.17259564451865
2022-07-25 00:00:00+00:00,123.17259564451865
2022-07-26 00:00:00+00:00,123.17259564451865
2022-07-27 00:00:00+00:00,123.17259564451865
2022-07-28 00:00:00+00:00,123.17259564451865
2022-07-29 00:00:00+00:00,123.17259564451865
2022-07-30 00:00:00+00:00,123.17259564451865
2022-07-31 00:00:00+00:00,123.17259564451865
2022-08-01 00:00:00+00:00,123.17259564451865
2022-08-02 00:00:00+00:00,123.17259564451865
2022-08-03 00:00:00+00:00,123.17259564451865
2022-08-04 00:00:00+00:00,123.17259564451865
2022-08-05 00:00:00+00:00,123.17259564451865
2022-08-06 00:00:00+00:00,123.17259564451865
2022-08-07 00:00:00+00:00,123.17259564451865
2022-08-08 00:00:00+00:00,123.17259564451865
2022-08-09 00:00:00+00:00,123.17259564451865
2022-08-10 00:00:00+00:00,123.17259564451865
2022-08-11 00:00:00+00:00,123.17259564451865
2022-08-12 00:00:00+00:00,123.17259564451865
2022-08-13 00:00:00+00:00,123.17259564451865
2022-08-14 00:00:00+00:00,123.17259564451865
2022-08-15 00:00:00+00:00,123.17259564451865
2022-08-16 00:00:00+00:00,123.17259564451865
2022-08-17 00:00:00+00:00,123.17259564451865
2022-08-18 00:00:00+00:00,123.17259564451865
2022-08-19 00:00:00+00:00,123.17259564451865
2022-08-20 00:00:00+00:00,123.17259564451865
2022-08-21 00:00:00+00:00,123.17259564451865
2022-08-22 00:00:00+00:00,123.17259564451865
2022-08-23 00:00:00+00:00,123.17259564451865
2022-08-24 00:00:00+00:00,123.17259564451865
2022-08-25 00:00:00+00:00,123.17259564451865
2022-08-26 00:00:00+00:00,123.17259564451865
2022-08-27 00:00:00+00:00,123.17259564451865
2022-08-28 00:00:00+00:00,123.17259564451865
2022-08-29 00:00:00+00:00,123.17259564451865
2022-08-30 00:00:00+00:00,123.17259564451865
2022-08-31 00:00:00+00:00,123.17259564451865
2022-09-01 00:00:00+00:00,123.17259564451865
2022-09-02 00:00:00+00:00,123.17259564451865
2022-09-03 00:00:00+00:00,123.17259564451865
2022-09-04 00:00:00+00:00,123.17259564451865
2022-09-05 00:00:00+00:00,123.17259564451865
2022-09-06 00:00:00+00:00,123.17259564451865
2022-09-07 00:00:00+00:00,123.17259564451865
2022-09-08 00:00:00+00:00,123.17259564451865
2022-09-09 00:00:00+00:00,123.17259564451865
2022-09-10 00:00:00+00:00,123.17259564451865
2022-09-11 00:00:00+00:00,123.17259564451865
2022-09-12 00:00:00+00:00,123.17259564451865
2022-09-13 00:00:00+00:00,123.17259564451865
2022-09-14 00:00:00+00:00,123.17259564451865
2022-09-15 00:00:00+00:00,123.17259564451865
2022-09-16 00:00:00+00:00,123.17259564451865
2022-09-17 00:00:00+00:00,123.17259564451865
2022-09-18 00:00:00+00:00,123.17259564451865
2022-09-19 00:00:00+00:00,123.17259564451865
2022-09-20 00:00:00+00:00,123.17259564451865
2022-09-21 00:00:00+00:00,123.17259564451865
2022-09-22 00:00:00+00:00,123.17259564451865
2022-09-23 00:00:00+00:00,123.17259564451865
2022-09-24 00:00:00+00:00,123.17259564451865
2022-09-25 00:00:00+00:00,123.17259564451865
2022-09-26 00:00:00+00:00,123.17259564451865
2022-09-27 00:00:00+00:00,123.17259564451865
2022-09-28 00:00:00+00:00,123.17259564451865
2022-09-29 00:00:00+00:00,123.17259564451865
2022-09-30 00:00:00+00:00,123.17259564451865
2022-10-01 00:00:00+00:00,123.17259564451865
2022-10-02 00:00:00+00:00,123.17259564451865
2022-10-03 00:00:00+00:00,123.17259564451865
2022-10-04 00:00:00+00:00,123.17259564451865
2022-10-05 00:00:00+00:00,123.17259564451865
2022-10-06 00:00:00+00:00,123.17259564451865
2022-10-07 00:00:00+00:00,123.17259564451865
2022-10-08 00:00:00+00:00,123.17259564451865
2022-10-09 00:00:00+00:00,123.17259564451865
2022-10-10 00:00:00+00:00,123.17259564451865
2022-10-11 00:00:00+00:00,123.17259564451865
2022-10-12 00:00:00+00:00,123.17259564451865
2022-10-13 00:00:00+00:00,123.17259564451865
2022-10-14 00:00:00+00:00,123.17259564451865
2022-10-15 00:00:00+00:00,123.17259564451865
2022-10-16 00:00:00+00:00,123.17259564451865
2022-10-17 00:00:00+00:00,123.17259564451865
2022-10-18 00:00:00+00:00,123.17259564451865
2022-10-19 00:00:00+00:00,123.17259564451865
2022-10-20 00:00:00+00:00,123.17259564451865
2022-10-21 00:00:00+00:00,123.17259564451865
2022-10-22 00:00:00+00:00,123.17259564451865
2022-10-23 00:00:00+00:00,123.17259564451865
2022-10-24 00:00:00+00:00,123.17259564451865
2022-10-25 00:00:00+00:00,123.17259564451865
2022-10-26 00:00:00+00:00,123.17259564451865
2022-10-27 00:00:00+00:00,123.17259564451865
2022-10-28 00:00:00+00:00,123.17259564451865
2022-10-29 00:00:00+00:00,123.17259564451865
2022-10-30 00:00:00+00:00,123.17259564451865
2022-10-31 00:00:00+00:00,123.17259564451865
2022-11-01 00:00:00+00:00,123.17259564451865
2022-11-02 00:00:00+00:00,123.17259564451865
2022-11-03 00:00:00+00:00,123.17259564451865
2022-11-04 00:00:00+00:00,123.17259564451865
2022-11-05 00:00:00+00:00,122.78958864462115
2022-11-06 00:00:00+00:00,121.6614888275356
2022-11-07 00:00:00+00:00,121.50706116912693
2022-11-08 00:00:00+00:00,117.94133211775903
2022-11-09 00:00:00+00:00,115.60098271747495
2022-11-10 00:00:00+00:00,116.13811174954832
2022-11-11 00:00:00+00:00,115.9734906709561
2022-11-12 00:00:00+00:00,116.08077577559419
2022-11-13 00:00:00+00:00,115.96926961765885
2022-11-14 00:00:00+00:00,116.00409330736106
2022-11-15 00:00:00+00:00,116.0431380503605
2022-11-16 00:00:00+00:00,115.9872090941721
2022-11-17 00:00:00+00:00,115.95836522997432
2022-11-18 00:00:00+00:00,115.96117926550582
2022-11-19 00:00:00+00:00,115.95414417667709
2022-11-20 00:00:00+00:00,115.69103185448267
2022-11-21 00:00:00+00:00,115.68646897311363
2022-11-22 00:00:00+00:00,115.68646897311363
2022-11-23 00:00:00+00:00,115.68646897311363
2022-11-24 00:00:00+00:00,115.68646897311363
2022-11-25 00:00:00+00:00,115.68646897311363
2022-11-26 00:00:00+00:00,115.68646897311363
2022-11-27 00:00:00+00:00,115.68646897311363
2022-11-28 00:00:00+00:00,115.68646897311363
2022-11-29 00:00:00+00:00,115.68646897311363
2022-11-30 00:00:00+00:00,115.68646897311363
2022-12-01 00:00:00+00:00,115.68646897311363
2022-12-02 00:00:00+00:00,115.68646897311363
2022-12-03 00:00:00+00:00,115.68646897311363
2022-12-04 00:00:00+00:00,115.68646897311363
2022-12-05 00:00:00+00:00,115.68646897311363
2022-12-06 00:00:00+00:00,115.68646897311363
2022-12-07 00:00:00+00:00,115.68646897311363
2022-12-08 00:00:00+00:00,115.68646897311363
2022-12-09 00:00:00+00:00,115.68646897311363
2022-12-10 00:00:00+00:00,115.68646897311363
2022-12-11 00:00:00+00:00,115.68646897311363
2022-12-12 00:00:00+00:00,115.68646897311363
2022-12-13 00:00:00+00:00,115.68646897311363
2022-12-14 00:00:00+00:00,115.68646897311363
2022-12-15 00:00:00+00:00,115.68646897311363
2022-12-16 00:00:00+00:00,115.68646897311363
2022-12-17 00:00:00+00:00,115.68646897311363
2022-12-18 00:00:00+00:00,115.68646897311363
2022-12-19 00:00:00+00:00,115.68646897311363
2022-12-20 00:00:00+00:00,115.68646897311363
2022-12-21 00:00:00+00:00,115.68646897311363
2022-12-22 00:00:00+00:00,115.68646897311363
2022-12-23 00:00:00+00:00,115.68646897311363
2022-12-24 00:00:00+00:00,115.68646897311363
2022-12-25 00:00:00+00:00,115.68646897311363
2022-12-26 00:00:00+00:00,115.68646897311363
2022-12-27 00:00:00+00:00,115.68646897311363
2022-12-28 00:00:00+00:00,115.68646897311363
2022-12-29 00:00:00+00:00,115.68646897311363
2022-12-30 00:00:00+00:00,115.68646897311363
2022-12-31 00:00:00+00:00,115.68646897311363
2023-01-01 00:00:00+00:00,115.68646897311363
2023-01-02 00:00:00+00:00,115.68646897311363
2023-01-03 00:00:00+00:00,115.68646897311363
2023-01-04 00:00:00+00:00,115.68646897311363
2023-01-05 00:00:00+00:00,115.68646897311363
2023-01-06 00:00:00+00:00,115.68646897311363
2023-01-07 00:00:00+00:00,115.68646897311363
2023-01-08 00:00:00+00:00,115.68646897311363
2023-01-09 00:00:00+00:00,115.68646897311363
2023-01-10 00:00:00+00:00,115.68646897311363
2023-01-11 00:00:00+00:00,115.68646897311363
2023-01-12 00:00:00+00:00,115.68646897311363
2023-01-13 00:00:00+00:00,117.07100861898684
2023-01-14 00:00:00+00:00,120.39543187538553
2023-01-15 00:00:00+00:00,120.02515479480131
2023-01-16 00:00:00+00:00,120.2526524323491
2023-01-17 00:00:00+00:00,120.02554115955742
2023-01-18 00:00:00+00:00,116.87259364176974
2023-01-19 00:00:00+00:00,118.79517335179446
2023-01-20 00:00:00+00:00,123.86246354627218
2023-01-21 00:00:00+00:00,123.1108371131703
2023-01-22 00:00:00+00:00,123.74267717020565
2023-01-23 00:00:00+00:00,124.76709884331902
2023-01-24 00:00:00+00:00,122.09004261490665
2023-01-25 00:00:00+00:00,124.5248075382722
2023-01-26 00:00:00+00:00,124.76454360733526
2023-01-27 00:00:00+00:00,126.93984646972858
2023-01-28 00:00:00+00:00,125.71211120559072
2023-01-29 00:00:00+00:00,128.69635689660862
2023-01-30 00:00:00+00:00,124.7299957012331
2023-01-31 00:00:00+00:00,126.1399264847057
2023-02-01 00:00:00+00:00,128.58012828013864
2023-02-02 00:00:00+00:00,128.92200840355727
2023-02-03 00:00:00+00:00,129.8401574682718
2023-02-04 00:00:00+00:00,129.40166884027187
2023-02-05 00:00:00+00:00,127.52585670119113
2023-02-06 00:00:00+00:00,126.23901886526768
2023-02-07 00:00:00+00:00,129.19775849459927
2023-02-08 00:00:00+00:00,127.58600159352633
2023-02-09 00:00:00+00:00,121.90024707481831
2023-02-10 00:00:00+00:00,120.97359160253752
2023-02-11 00:00:00+00:00,122.11322255778319
2023-02-12 00:00:00+00:00,121.48824961458227
2023-02-13 00:00:00+00:00,120.37744901140744
2023-02-14 00:00:00+00:00,122.64780160203036
2023-02-15 00:00:00+00:00,129.40802347917872
2023-02-16 00:00:00+00:00,125.48278998274525
2023-02-17 00:00:00+00:00,128.80985497843045
2023-02-18 00:00:00+00:00,129.3829223744633
2023-02-19 00:00:00+00:00,128.64208064768494
2023-02-20 00:00:00+00:00,131.1020770155481
2023-02-21 00:00:00+00:00,129.89189960450744
2023-02-22 00:00:00+00:00,128.7422357301144
2023-02-23 00:00:00+00:00,127.62003959821276
2023-02-24 00:00:00+00:00,124.52619954329596
2023-02-25 00:00:00+00:00,124.06822713278552
2023-02-26 00:00:00+00:00,125.9590038368364
2023-02-27 00:00:00+00:00,125.15227052309251
2023-02-28 00:00:00+00:00,123.32160969566188
2023-03-01 00:00:00+00:00,124.55313588973185
2023-03-02 00:00:00+00:00,123.4508356492607
2023-03-03 00:00:00+00:00,120.19125201642579
2023-03-04 00:00:00+00:00,119.22686367434893
2023-03-05 00:00:00+00:00,119.57959966353198
2023-03-06 00:00:00+00:00,119.49645361060045
2023-03-07 00:00:00+00:00,119.01236196657493
2023-03-08 00:00:00+00:00,118.47279212717842
2023-03-09 00:00:00+00:00,118.29434140401182
2023-03-10 00:00:00+00:00,118.28871190875368
2023-03-11 00:00:00+00:00,118.28871190875368
2023-03-12 00:00:00+00:00,118.28871190875368
2023-03-13 00:00:00+00:00,118.28871190875368
2023-03-14 00:00:00+00:00,118.28871190875368
2023-03-15 00:00:00+00:00,118.04074656129839
2023-03-16 00:00:00+00:00,118.0752540168867
2023-03-17 00:00:00+00:00,119.78089925945835
2023-03-18 00:00:00+00:00,118.92250459064084
2023-03-19 00:00:00+00:00,119.31509555486168
2023-03-20 00:00:00+00:00,118.78445318153685
2023-03-21 00:00:00+00:00,119.6417711154232
2023-03-22 00:00:00+00:00,117.83551184915378
2023-03-23 00:00:00+00:00,119.58816339279598
2023-03-24 00:00:00+00:00,117.9564727857593
2023-03-25 00:00:00+00:00,118.02743606837358
2023-03-26 00:00:00+00:00,119.04284256149364
2023-03-27 00:00:00+00:00,118.06855962667231
2023-03-28 00:00:00+00:00,120.01823674242675
2023-03-29 00:00:00+00:00,121.54339590919686
2023-03-30 00:00:00+00:00,122.16111560826144
2023-03-31 00:00:00+00:00,123.17567335159917
2023-04-01 00:00:00+00:00,122.7504796276348
2023-04-02 00:00:00+00:00,122.41889225933909
2023-04-03 00:00:00+00:00,122.58292645770928
2023-04-04 00:00:00+00:00,122.76941085408903
2023-04-05 00:00:00+00:00,123.28952697180004
2023-04-06 00:00:00+00:00,122.9167029795255
2023-04-07 00:00:00+00:00,122.90898337309025
2023-04-08 00:00:00+00:00,122.3569418293128
2023-04-09 00:00:00+00:00,122.9740941934612
2023-04-10 00:00:00+00:00,124.87203135631778
2023-04-11 00:00:00+00:00,125.38778186125151
2023-04-12 00:00:00+00:00,124.94298948274367
2023-04-13 00:00:00+00:00,126.26420046230974
2023-04-14 00:00:00+00:00,128.6727798257864
2023-04-15 00:00:00+00:00,128.72020724621345
2023-04-16 00:00:00+00:00,130.63414838743546
2023-04-17 00:00:00+00:00,129.06351095376235
2023-04-18 00:00:00+00:00,129.74346474961254
2023-04-19 00:00:00+00:00,125.72803329664275
2023-04-20 00:00:00+00:00,124.55555130610216
2023-04-21 00:00:00+00:00,122.28257135891434
2023-04-22 00:00:00+00:00,123.57673504957742
2023-04-23 00:00:00+00:00,122.52821917059663
2023-04-24 00:00:00+00:00,122.50045866502164
2023-04-25 00:00:00+00:00,124.51141723890693
2023-04-26 00:00:00+00:00,124.38776827188272
2023-04-27 00:00:00+00:00,125.59411286309705
2023-04-28 00:00:00+00:00,124.5762167333402
2023-04-29 00:00:00+00:00,124.1752521156451
2023-04-30 00:00:00+00:00,123.99548458927823
2023-05-01 00:00:00+00:00,122.93807030697569
2023-05-02 00:00:00+00:00,123.27648364810845
2023-05-03 00:00:00+00:00,123.88834014798323
2023-05-04 00:00:00+00:00,122.85562283698562
2023-05-05 00:00:00+00:00,124.44001953275442
2023-05-06 00:00:00+00:00,122.54994646277902
2023-05-07 00:00:00+00:00,122.28883559178495
2023-05-08 00:00:00+00:00,120.95555794418004
2023-05-09 00:00:00+00:00,120.52545231456851
2023-05-10 00:00:00+00:00,120.86415613081424
2023-05-11 00:00:00+00:00,119.93465025729081
2023-05-12 00:00:00+00:00,119.9284713345166
2023-05-13 00:00:00+00:00,119.9284713345166
2023-05-14 00:00:00+00:00,119.9284713345166
2023-05-15 00:00:00+00:00,119.9284713345166
2023-05-16 00:00:00+00:00,119.9284713345166
2023-05-17 00:00:00+00:00,119.9284713345166
2023-05-18 00:00:00+00:00,119.9284713345166
2023-05-19 00:00:00+00:00,119.9284713345166
2023-05-20 00:00:00+00:00,119.9284713345166
2023-05-21 00:00:00+00:00,119.9284713345166
2023-05-22 00:00:00+00:00,119.9284713345166
2023-05-23 00:00:00+00:00,120.03191027053172
2023-05-24 00:00:00+00:00,119.66267797817227
2023-05-25 00:00:00+00:00,119.63515755886597
2023-05-26 00:00:00+00:00,119.3301395782212
2023-05-27 00:00:00+00:00,119.72918565816248
2023-05-28 00:00:00+00:00,119.79110660160164
2023-05-29 00:00:00+00:00,119.49067535750793
2023-05-30 00:00:00+00:00,119.53654272301841
2023-05-31 00:00:00+00:00,119.28427221271072
2023-06-01 00:00:00+00:00,119.18795074513869
2023-06-02 00:00:00+00:00,120.97677800004784
2023-06-03 00:00:00+00:00,120.64234330758755
2023-06-04 00:00:00+00:00,120.96421422801001
2023-06-05 00:00:00+00:00,119.6180785688598
2023-06-06 00:00:00+00:00,120.10610042189313
2023-06-07 00:00:00+00:00,119.48329900860062
2023-06-08 00:00:00+00:00,119.75851442137125
2023-06-09 00:00:00+00:00,118.87304895199718
2023-06-10 00:00:00+00:00,117.57863168015545
2023-06-11 00:00:00+00:00,117.92241160646256
2023-06-12 00:00:00+00:00,118.01925102232372
2023-06-13 00:00:00+00:00,117.87883386932504
2023-06-14 00:00:00+00:00,116.92980759388574
2023-06-15 00:00:00+00:00,116.93222857928227
2023-06-16 00:00:00+00:00,116.82086325104194
2023-06-17 00:00:00+00:00,116.91286069611003
2023-06-18 00:00:00+00:00,117.0944346008497
2023-06-19 00:00:00+00:00,117.26148259321019
2023-06-20 00:00:00+00:00,117.23969372464143
2023-06-21 00:00:00+00:00,117.41884664398457
2023-06-22 00:00:00+00:00,117.05764208855022
2023-06-23 00:00:00+00:00,120.64392617969696
2023-06-24 00:00:00+00:00,122.31332250942445
2023-06-25 00:00:00+00:00,121.1748429166135
2023-06-26 00:00:00+00:00,122.74171257105411
2023-06-27 00:00:00+00:00,123.3433116150311
2023-06-28 00:00:00+00:00,121.68254929108105
2023-06-29 00:00:00+00:00,124.03619152237565
2023-06-30 00:00:00+00:00,128.94826268147486
2023-07-01 00:00:00+00:00,128.37943239172517
2023-07-02 00:00:00+00:00,128.61144205045628
2023-07-03 00:00:00+00:00,128.37762089685137
2023-07-04 00:00:00+00:00,126.44451040038163
2023-07-05 00:00:00+00:00,125.12451264874845
2023-07-06 00:00:00+00:00,123.5892197451018
2023-07-07 00:00:00+00:00,124.50748268278019
2023-07-08 00:00:00+00:00,123.7856374482224
2023-07-09 00:00:00+00:00,123.09214692229415
2023-07-10 00:00:00+00:00,124.02928171235118
2023-07-11 00:00:00+00:00,124.03362925748756
2023-07-12 00:00:00+00:00,124.2677512519995
2023-07-13 00:00:00+00:00,131.72419974197845
2023-07-14 00:00:00+00:00,129.72419643397117
2023-07-15 00:00:00+00:00,128.80916128958177
2023-07-16 00:00:00+00:00,128.0797312572314
2023-07-17 00:00:00+00:00,128.4098652244461
2023-07-18 00:00:00+00:00,127.76900495952472
2023-07-19 00:00:00+00:00,128.87944394076206
2023-07-20 00:00:00+00:00,131.08576348936114
2023-07-21 00:00:00+00:00,131.07499168945517
2023-07-22 00:00:00+00:00,129.53304507049907
2023-07-23 00:00:00+00:00,130.65967005277452
2023-07-24 00:00:00+00:00,127.70471575204228
2023-07-25 00:00:00+00:00,127.3376407482809
2023-07-26 00:00:00+00:00,129.24909390414894
2023-07-27 00:00:00+00:00,129.89744857188538
2023-07-28 00:00:00+00:00,129.48797564722912
2023-07-29 00:00:00+00:00,130.5353043499982
2023-07-30 00:00:00+00:00,130.44628295058223
2023-07-31 00:00:00+00:00,129.8886287728272
2023-08-01 00:00:00+00:00,129.7500725456513
2023-08-02 00:00:00+00:00,127.14396684290463
2023-08-03 00:00:00+00:00,126.0804962311595
2023-08-04 00:00:00+00:00,125.69771624579352
2023-08-05 00:00:00+00:00,126.06816860174753
2023-08-06 00:00:00+00:00,125.63690434830237
2023-08-07 00:00:00+00:00,125.84308982182587
2023-08-08 00:00:00+00:00,127.05485219218575
2023-08-09 00:00:00+00:00,127.71705468101356
2023-08-10 00:00:00+00:00,127.4422612843647
2023-08-11 00:00:00+00:00,127.28301434969195
2023-08-12 00:00:00+00:00,127.36587155365665
2023-08-13 00:00:00+00:00,126.7127726253415
2023-08-14 00:00:00+00:00,128.83849950000857
2023-08-15 00:00:00+00:00,127.26738319576408
2023-08-16 00:00:00+00:00,124.3899940714532
2023-08-17 00:00:00+00:00,121.11084713182106
2023-08-18 00:00:00+00:00,121.01219443963252
2023-08-19 00:00:00+00:00,121.00314266294183
2023-08-20 00:00:00+00:00,121.00314266294183
2023-08-21 00:00:00+00:00,121.00314266294183
2023-08-22 00:00:00+00:00,121.00314266294183
2023-08-23 00:00:00+00:00,121.00314266294183
2023-08-24 00:00:00+00:00,121.00314266294183
2023-08-25 00:00:00+00:00,121.00314266294183
2023-08-26 00:00:00+00:00,121.00314266294183
2023-08-27 00:00:00+00:00,121.00314266294183
2023-08-28 00:00:00+00:00,121.00314266294183
2023-08-29 00:00:00+00:00,121.00314266294183
2023-08-30 00:00:00+00:00,121.00314266294183
2023-08-31 00:00:00+00:00,121.00314266294183
2023-09-01 00:00:00+00:00,121.00314266294183
2023-09-02 00:00:00+00:00,121.00314266294183
2023-09-03 00:00:00+00:00,121.00314266294183
2023-09-04 00:00:00+00:00,121.00314266294183
2023-09-05 00:00:00+00:00,121.00314266294183
2023-09-06 00:00:00+00:00,121.00314266294183
2023-09-07 00:00:00+00:00,121.00314266294183
2023-09-08 00:00:00+00:00,121.00314266294183
2023-09-09 00:00:00+00:00,121.00314266294183
2023-09-10 00:00:00+00:00,121.00314266294183
2023-09-11 00:00:00+00:00,121.00314266294183
2023-09-12 00:00:00+00:00,121.00314266294183
2023-09-13 00:00:00+00:00,121.00314266294183
2023-09-14 00:00:00+00:00,121.00314266294183
2023-09-15 00:00:00+00:00,121.00314266294183
2023-09-16 00:00:00+00:00,121.00314266294183
2023-09-17 00:00:00+00:00,121.00314266294183
2023-09-18 00:00:00+00:00,121.00314266294183
2023-09-19 00:00:00+00:00,121.00314266294183
2023-09-20 00:00:00+00:00,121.00314266294183
2023-09-21 00:00:00+00:00,121.00314266294183
2023-09-22 00:00:00+00:00,121.00314266294183
2023-09-23 00:00:00+00:00,121.00314266294183
2023-09-24 00:00:00+00:00,121.00314266294183
2023-09-25 00:00:00+00:00,121.00314266294183
2023-09-26 00:00:00+00:00,121.00314266294183
2023-09-27 00:00:00+00:00,121.00314266294183
2023-09-28 00:00:00+00:00,121.00314266294183
2023-09-29 00:00:00+00:00,121.00314266294183
2023-09-30 00:00:00+00:00,121.00314266294183
2023-10-01 00:00:00+00:00,121.00314266294183
2023-10-02 00:00:00+00:00,118.99299088542367
2023-10-03 00:00:00+00:00,119.06375868639122
2023-10-04 00:00:00+00:00,118.93681605228481
2023-10-05 00:00:00+00:00,118.0791697573896
2023-10-06 00:00:00+00:00,117.99889118695236
2023-10-07 00:00:00+00:00,118.02353538965244
2023-10-08 00:00:00+00:00,118.03588663827337
2023-10-09 00:00:00+00:00,115.95301547717982
2023-10-10 00:00:00+00:00,115.56719318931445
2023-10-11 00:00:00+00:00,115.35707902157594
2023-10-12 00:00:00+00:00,114.39916553237677
2023-10-13 00:00:00+00:00,115.09889033633527
2023-10-14 00:00:00+00:00,114.99441928271159
2023-10-15 00:00:00+00:00,115.76895403515489
2023-10-16 00:00:00+00:00,118.91014623219466
2023-10-17 00:00:00+00:00,118.31029163794253
2023-10-18 00:00:00+00:00,118.27817917137534
2023-10-19 00:00:00+00:00,119.35376482329096
2023-10-20 00:00:00+00:00,121.9590838635163
2023-10-21 00:00:00+00:00,125.1560961051841
2023-10-22 00:00:00+00:00,126.83289578297614
2023-10-23 00:00:00+00:00,134.0683991949938
2023-10-24 00:00:00+00:00,134.2828388283461
2023-10-25 00:00:00+00:00,137.25938668476093
2023-10-26 00:00:00+00:00,136.5719634935468
2023-10-27 00:00:00+00:00,137.83115994138728
2023-10-28 00:00:00+00:00,137.81820974753217
2023-10-29 00:00:00+00:00,139.67175813442142
2023-10-30 00:00:00+00:00,140.05317963104798
2023-10-31 00:00:00+00:00,143.2672029217523
2023-11-01 00:00:00+00:00,147.03925277840818
2023-11-02 00:00:00+00:00,144.21943650669897
2023-11-03 00:00:00+00:00,144.2967151131555
2023-11-04 00:00:00+00:00,146.61320499598637
2023-11-05 00:00:00+00:00,148.07477052331518
2023-11-06 00:00:00+00:00,150.61410677029187
2023-11-07 00:00:00+00:00,151.00362945833288
2023-11-08 00:00:00+00:00,154.1094900924706
2023-11-09 00:00:00+00:00,154.67191836099292
2023-11-10 00:00:00+00:00,164.85474563487958
2023-11-11 00:00:00+00:00,165.8279752618179
2023-11-12 00:00:00+00:00,164.7799259236968
2023-11-13 00:00:00+00:00,157.54982265138355
2023-11-14 00:00:00+00:00,157.34279865570582
2023-11-15 00:00:00+00:00,166.40816826632116
2023-11-16 00:00:00+00:00,158.60299920950936
2023-11-17 00:00:00+00:00,159.5342117661275
2023-11-18 00:00:00+00:00,159.10092379016098
2023-11-19 00:00:00+00:00,163.379016019403
2023-11-20 00:00:00+00:00,159.24282109002945
2023-11-21 00:00:00+00:00,150.77898669076453
2023-11-22 00:00:00+00:00,159.52792848957915
2023-11-23 00:00:00+00:00,158.4797262489667
2023-11-24 00:00:00+00:00,160.24416019892368
2023-11-25 00:00:00+00:00,164.60891113162504
2023-11-26 00:00:00+00:00,163.38851449813677
2023-11-27 00:00:00+00:00,159.16696813437343
2023-11-28 00:00:00+00:00,161.66404523621225
2023-11-29 00:00:00+00:00,162.39174110117557
2023-11-30 00:00:00+00:00,164.085370284507
2023-12-01 00:00:00+00:00,165.16444162868777
2023-12-02 00:00:00+00:00,168.69640036985842
2023-12-03 00:00:00+00:00,167.965135563213
2023-12-04 00:00:00+00:00,168.7081440953517
2023-12-05 00:00:00+00:00,170.44935775717207
2023-12-06 00:00:00+00:00,170.44447156605577
2023-12-07 00:00:00+00:00,174.76118674859146
2023-12-08 00:00:00+00:00,183.64398349867156
2023-12-09 00:00:00+00:00,181.18308065315017
2023-12-10 00:00:00+00:00,186.3504776183982
2023-12-11 00:00:00+00:00,181.90423699870223
2023-12-12 00:00:00+00:00,183.5829458892472
2023-12-13 00:00:00+00:00,192.01360879442691
2023-12-14 00:00:00+00:00,196.3817059729398
2023-12-15 00:00:00+00:00,189.9921726722723
2023-12-16 00:00:00+00:00,191.08688774907895
2023-12-17 00:00:00+00:00,189.38588995497577
2023-12-18 00:00:00+00:00,200.18564465918868
2023-12-19 00:00:00+00:00,197.46178825419886
2023-12-20 00:00:00+00:00,210.6143940493939
2023-12-21 00:00:00+00:00,215.79959899566214
2023-12-22 00:00:00+00:00,215.55358805777647
2023-12-23 00:00:00+00:00,224.3168014757232
2023-12-24 00:00:00+00:00,222.76488441082037
2023-12-25 00:00:00+00:00,230.9541513322185
2023-12-26 00:00:00+00:00,219.52733088714248
2023-12-27 00:00:00+00:00,221.61137547299373
2023-12-28 00:00:00+00:00,213.15232911002965
2023-12-29 00:00:00+00:00,214.1781195965405
2023-12-30 00:00:00+00:00,213.72866300448965
2023-12-31 00:00:00+00:00,211.98292634384146
2024-01-01 00:00:00+00:00,222.9305681101436
2024-01-02 00:00:00+00:00,218.23619974418136
2024-01-03 00:00:00+00:00,207.07758992917317
2024-01-04 00:00:00+00:00,216.50767426702333
2024-01-05 00:00:00+00:00,212.6723030803125
2024-01-06 00:00:00+00:00,211.30659786304273
2024-01-07 00:00:00+00:00,204.12903178910125
2024-01-08 00:00:00+00:00,218.16291696247353
2024-01-09 00:00:00+00:00,214.2014125458748
2024-01-10 00:00:00+00:00,217.92636023923782
2024-01-11 00:00:00+00:00,214.57581393654883
2024-01-12 00:00:00+00:00,206.14144818068834
2024-01-13 00:00:00+00:00,212.44834239083352
2024-01-14 00:00:00+00:00,207.44712765348916
2024-01-15 00:00:00+00:00,213.15135982008968
2024-01-16 00:00:00+00:00,214.33992328001966
2024-01-17 00:00:00+00:00,213.87199079863268
2024-01-18 00:00:00+00:00,205.73445107991736
2024-01-19 00:00:00+00:00,206.41353717453111
2024-01-20 00:00:00+00:00,205.2040755097486
2024-01-21 00:00:00+00:00,204.62766421924835
2024-01-22 00:00:00+00:00,198.92760569839288
2024-01-23 00:00:00+00:00,197.67145570977033
2024-01-24 00:00:00+00:00,198.4897384945172
2024-01-25 00:00:00+00:00,198.80660124295645
2024-01-26 00:00:00+00:00,200.99301070074733
2024-01-27 00:00:00+00:00,200.27284770649194
2024-01-28 00:00:00+00:00,199.93493340221374
2024-01-29 00:00:00+00:00,201.33970377254715
2024-01-30 00:00:00+00:00,200.8902549151886
2024-01-31 00:00:00+00:00,200.60436220740746
2024-02-01 00:00:00+00:00,201.54252264877496
2024-02-02 00:00:00+00:00,201.4547867928578
2024-02-03 00:00:00+00:00,201.56907234427177
2024-02-04 00:00:00+00:00,202.17791109321928
2024-02-05 00:00:00+00:00,202.68810228128692
2024-02-06 00:00:00+00:00,203.03997136032285
2024-02-07 00:00:00+00:00,204.34612045373217
2024-02-08 00:00:00+00:00,203.75229984853212
2024-02-09 00:00:00+00:00,205.65268100977835
2024-02-10 00:00:00+00:00,206.09340880764435
2024-02-11 00:00:00+00:00,206.5567301495006
2024-02-12 00:00:00+00:00,207.77950933771803
2024-02-13 00:00:00+00:00,208.5802656655718
2024-02-14 00:00:00+00:00,211.29733251853966
2024-02-15 00:00:00+00:00,212.05535821781686
2024-02-16 00:00:00+00:00,212.897653612258
2024-02-17 00:00:00+00:00,212.98360460379803
2024-02-18 00:00:00+00:00,214.40438474588237
2024-02-19 00:00:00+00:00,218.64299423444533
2024-02-20 00:00:00+00:00,218.21489905208412
2024-02-21 00:00:00+00:00,217.80168058185646
2024-02-22 00:00:00+00:00,219.50698698729175
2024-02-23 00:00:00+00:00,216.81697967548033
2024-02-24 00:00:00+00:00,217.91682424905852
2024-02-25 00:00:00+00:00,218.30980361876416
2024-02-26 00:00:00+00:00,221.4609946280025
2024-02-27 00:00:00+00:00,222.2978612967706
2024-02-28 00:00:00+00:00,226.4758312091861
2024-02-29 00:00:00+00:00,225.40871436207246
2024-03-01 00:00:00+00:00,227.6335237036413
2024-03-02 00:00:00+00:00,227.89305665359768
2024-03-03 00:00:00+00:00,226.97981099677955
2024-03-04 00:00:00+00:00,229.91269509252817
2024-03-05 00:00:00+00:00,222.16662733652151
2024-03-06 00:00:00+00:00,229.33281838483583
2024-03-07 00:00:00+00:00,232.23547010984453
2024-03-08 00:00:00+00:00,233.76490662862508
2024-03-09 00:00:00+00:00,233.79169003905432
2024-03-10 00:00:00+00:00,234.94869044784156
2024-03-11 00:00:00+00:00,237.72587258666115
2024-03-12 00:00:00+00:00,236.35582096450466
2024-03-13 00:00:00+00:00,240.80930928997233
2024-03-14 00:00:00+00:00,238.08420368320833
2024-03-15 00:00:00+00:00,234.50821880572335
2024-03-16 00:00:00+00:00,226.04880475331584
2024-03-17 00:00:00+00:00,229.42121097526163
2024-03-18 00:00:00+00:00,226.5523406542589
2024-03-19 00:00:00+00:00,218.20065313733738
2024-03-20 00:00:00+00:00,226.90135724647564
2024-03-21 00:00:00+00:00,224.7078375443061
2024-03-22 00:00:00+00:00,223.1428923771217
2024-03-23 00:00:00+00:00,223.55779047178842
2024-03-24 00:00:00+00:00,227.5622678760602
2024-03-25 00:00:00+00:00,231.39327335677797
2024-03-26 00:00:00+00:00,231.38713373717036
2024-03-27 00:00:00+00:00,230.28050475887235
2024-03-28 00:00:00+00:00,232.62769040706465
2024-03-29 00:00:00+00:00,233.7265207552171
2024-03-30 00:00:00+00:00,232.48219830087277
2024-03-31 00:00:00+00:00,236.18318026946005
2024-04-01 00:00:00+00:00,231.64849773549255
2024-04-02 00:00:00+00:00,226.3038275211042
2024-04-03 00:00:00+00:00,225.45529920507914
2024-04-04 00:00:00+00:00,228.96439091073313
2024-04-05 00:00:00+00:00,227.72603889835744
2024-04-06 00:00:00+00:00,229.68291014909218
2024-04-07 00:00:00+00:00,230.7334149589252
2024-04-08 00:00:00+00:00,232.55671938570487
2024-04-09 00:00:00+00:00,229.23744203420185
2024-04-10 00:00:00+00:00,230.79703590966216
2024-04-11 00:00:00+00:00,229.59006523921798
2024-04-12 00:00:00+00:00,222.66041949466407
2024-04-13 00:00:00+00:00,217.2964274107223
2024-04-14 00:00:00+00:00,219.77914912252314
2024-04-15 00:00:00+00:00,217.90131230850858
2024-04-16 00:00:00+00:00,216.9659829218061
2024-04-17 00:00:00+00:00,216.01565520429895
2024-04-18 00:00:00+00:00,216.96624429597034
2024-04-19 00:00:00+00:00,217.01345452239184
2024-04-20 00:00:00+00:00,217.55255246754265
2024-04-21 00:00:00+00:00,217.8428859392082
2024-04-22 00:00:00+00:00,218.65672898170695
2024-04-23 00:00:00+00:00,218.7012208000718
2024-04-24 00:00:00+00:00,218.78987967900323
2024-04-25 00:00:00+00:00,218.64816036389968
2024-04-26 00:00:00+00:00,217.71209719840934
2024-04-27 00:00:00+00:00,217.41804731369166
2024-04-28 00:00:00+00:00,217.38559990570388
2024-04-29 00:00:00+00:00,217.14186716404953
2024-04-30 00:00:00+00:00,216.1612407836987
2024-05-01 00:00:00+00:00,215.9374133462367
2024-05-02 00:00:00+00:00,215.93967585084948
2024-05-03 00:00:00+00:00,217.4688701825848
2024-05-04 00:00:00+00:00,217.18023708200127
2024-05-05 00:00:00+00:00,217.19197497937304
2024-05-06 00:00:00+00:00,216.62186361594618
2024-05-07 00:00:00+00:00,216.40432485314741
2024-05-08 00:00:00+00:00,217.30159375318237
2024-05-09 00:00:00+00:00,218.61748644485323
2024-05-10 00:00:00+00:00,218.31715196122
2024-05-11 00:00:00+00:00,218.31086680183586
2024-05-12 00:00:00+00:00,218.73878010161388
2024-05-13 00:00:00+00:00,218.1243054093123
2024-05-14 00:00:00+00:00,217.193384887401
2024-05-15 00:00:00+00:00,218.10290584990926
2024-05-16 00:00:00+00:00,217.06963991084635
2024-05-17 00:00:00+00:00,218.3020750451945
2024-05-18 00:00:00+00:00,217.68179246676473
2024-05-19 00:00:00+00:00,216.15371590935652
2024-05-20 00:00:00+00:00,221.99118284193543
2024-05-21 00:00:00+00:00,222.85820635168793
2024-05-22 00:00:00+00:00,221.55912792449163
2024-05-23 00:00:00+00:00,220.41150600805355
2024-05-24 00:00:00+00:00,219.46320747535168
2024-05-25 00:00:00+00:00,220.6870978869932
2024-05-26 00:00:00+00:00,220.112416283744
2024-05-27 00:00:00+00:00,221.63023586564225
2024-05-28 00:00:00+00:00,220.24619158745816
2024-05-29 00:00:00+00:00,218.5563027060364
2024-05-30 00:00:00+00:00,217.9460217636558
2024-05-31 00:00:00+00:00,218.34205300990703
2024-06-01 00:00:00+00:00,218.74098188851602
2024-06-02 00:00:00+00:00,217.91735136175376
2024-06-03 00:00:00+00:00,218.83493315123758
2024-06-04 00:00:00+00:00,222.4599788015098
2024-06-05 00:00:00+00:00,224.0012684605595
2024-06-06 00:00:00+00:00,223.10009961967467
2024-06-07 00:00:00+00:00,218.53904643362958
2024-06-08 00:00:00+00:00,217.5916394640527
2024-06-09 00:00:00+00:00,218.63924270168994
2024-06-10 00:00:00+00:00,215.2638944601468
2024-06-11 00:00:00+00:00,213.2535518114618
2024-06-12 00:00:00+00:00,215.34279059558955
2024-06-13 00:00:00+00:00,211.85563815716893
2024-06-14 00:00:00+00:00,211.12395056967574
2024-06-15 00:00:00+00:00,212.2239655485512
2024-06-16 00:00:00+00:00,212.75809309826568
2024-06-17 00:00:00+00:00,210.55420530810284
2024-06-18 00:00:00+00:00,210.00652986804303
2024-06-19 00:00:00+00:00,210.65165906423098
2024-06-20 00:00:00+00:00,210.74703089464285
2024-06-21 00:00:00+00:00,210.45625041534592
2024-06-22 00:00:00+00:00,210.11495621375886
2024-06-23 00:00:00+00:00,209.6045522726467
2024-06-24 00:00:00+00:00,210.42205301185666
2024-06-25 00:00:00+00:00,211.5696760796195
2024-06-26 00:00:00+00:00,211.5062619994226
2024-06-27 00:00:00+00:00,211.09874604600972
2024-06-28 00:00:00+00:00,211.1358282461805
2024-06-29 00:00:00+00:00,211.91248284687757
2024-06-30 00:00:00+00:00,211.58550298574272
2024-07-01 00:00:00+00:00,212.68684332720855
2024-07-02 00:00:00+00:00,213.2304080763836
2024-07-03 00:00:00+00:00,213.02435085120612
2024-07-04 00:00:00+00:00,212.47368068047322
2024-07-05 00:00:00+00:00,212.35288851398988
2024-07-06 00:00:00+00:00,213.4719924093503
2024-07-07 00:00:00+00:00,211.55708129951134
2024-07-08 00:00:00+00:00,212.11130418102317
2024-07-09 00:00:00+00:00,213.47909783090813
2024-07-10 00:00:00+00:00,214.0191098693043
2024-07-11 00:00:00+00:00,215.0067634658446
2024-07-12 00:00:00+00:00,216.08323483185796
2024-07-13 00:00:00+00:00,216.8293040954316
2024-07-14 00:00:00+00:00,216.1542890474364
2024-07-15 00:00:00+00:00,216.09034025341583
2024-07-16 00:00:00+00:00,217.39156925311343
2024-07-17 00:00:00+00:00,219.43653265613332
2024-07-18 00:00:00+00:00,216.89125479474268
2024-07-19 00:00:00+00:00,216.83607429231125
2024-07-20 00:00:00+00:00,217.32536219439822
2024-07-21 00:00:00+00:00,218.96264755910988
2024-07-22 00:00:00+00:00,216.86314285023207
2024-07-23 00:00:00+00:00,216.40778564247935
2024-07-24 00:00:00+00:00,217.16446560188086
2024-07-25 00:00:00+00:00,216.57092194593793
2024-07-26 00:00:00+00:00,219.64501868998747
2024-07-27 00:00:00+00:00,218.6349261136657
2024-07-28 00:00:00+00:00,219.18112409509175
2024-07-29 00:00:00+00:00,218.55927732983523
2024-07-30 00:00:00+00:00,217.4441361639831
2024-07-31 00:00:00+00:00,215.27572913244907
2024-08-01 00:00:00+00:00,213.56736869242118
2024-08-02 00:00:00+00:00,208.55083260066272
2024-08-03 00:00:00+00:00,207.3829269276619
2024-08-04 00:00:00+00:00,205.06797105559812
2024-08-05 00:00:00+00:00,202.6066004052503
2024-08-06 00:00:00+00:00,203.3850049652861
2024-08-07 00:00:00+00:00,203.68071172552317
2024-08-08 00:00:00+00:00,205.12445649609236
2024-08-09 00:00:00+00:00,207.2726791366381
2024-08-10 00:00:00+00:00,207.48141332033484
2024-08-11 00:00:00+00:00,207.39878937262154
2024-08-12 00:00:00+00:00,208.40767126048917
2024-08-13 00:00:00+00:00,208.23372610740853
2024-08-14 00:00:00+00:00,207.8901844300743
2024-08-15 00:00:00+00:00,208.15979941734926
2024-08-16 00:00:00+00:00,207.95976249130655
2024-08-17 00:00:00+00:00,208.5076897235105
2024-08-18 00:00:00+00:00,208.1380562732142
2024-08-19 00:00:00+00:00,207.78146870939892
2024-08-20 00:00:00+00:00,207.60752355631828
2024-08-21 00:00:00+00:00,207.59012904101021
2024-08-22 00:00:00+00:00,207.5553400103941
2024-08-23 00:00:00+00:00,207.98585426426865
2024-08-24 00:00:00+00:00,208.23807473623555
2024-08-25 00:00:00+00:00,206.84216488276354
2024-08-26 00:00:00+00:00,205.50713583286972
2024-08-27 00:00:00+00:00,204.9679058583198
2024-08-28 00:00:00+00:00,204.11557460822473
2024-08-29 00:00:00+00:00,203.99381300106828
2024-08-30 00:00:00+00:00,203.89814316687395
2024-08-31 00:00:00+00:00,203.54155560305867
2024-09-01 00:00:00+00:00,203.51971713437052
2024-09-02 00:00:00+00:00,203.51971713437052
2024-09-03 00:00:00+00:00,203.51971713437052
2024-09-04 00:00:00+00:00,203.51971713437052
2024-09-05 00:00:00+00:00,203.51971713437052
2024-09-06 00:00:00+00:00,203.51971713437052
2024-09-07 00:00:00+00:00,203.51971713437052
2024-09-08 00:00:00+00:00,203.51971713437052
2024-09-09 00:00:00+00:00,203.51971713437052
2024-09-10 00:00:00+00:00,203.51971713437052
2024-09-11 00:00:00+00:00,203.51971713437052
2024-09-12 00:00:00+00:00,203.51971713437052
2024-09-13 00:00:00+00:00,203.51971713437052
2024-09-14 00:00:00+00:00,203.51971713437052
2024-09-15 00:00:00+00:00,203.51971713437052
2024-09-16 00:00:00+00:00,203.51971713437052
2024-09-17 00:00:00+00:00,203.51971713437052
2024-09-18 00:00:00+00:00,203.51971713437052
2024-09-19 00:00:00+00:00,203.51971713437052
2024-09-20 00:00:00+00:00,205.2157983013523
2024-09-21 00:00:00+00:00,205.30692889147232
2024-09-22 00:00:00+00:00,206.0085110735575
2024-09-23 00:00:00+00:00,207.25380826655368
2024-09-24 00:00:00+00:00,209.49727547133506
2024-09-25 00:00:00+00:00,208.45488852977462
2024-09-26 00:00:00+00:00,209.2848932310679
2024-09-27 00:00:00+00:00,210.5524185454187
2024-09-28 00:00:00+00:00,209.4887731423318
2024-09-29 00:00:00+00:00,210.60616138137493
2024-09-30 00:00:00+00:00,208.76294953426694
2024-10-01 00:00:00+00:00,204.7958558530072
2024-10-02 00:00:00+00:00,203.71967212339604
2024-10-03 00:00:00+00:00,200.29330280928318
2024-10-04 00:00:00+00:00,205.34253591154325
2024-10-05 00:00:00+00:00,203.99023230473074
2024-10-06 00:00:00+00:00,207.98981675771898
2024-10-07 00:00:00+00:00,208.351101359197
2024-10-08 00:00:00+00:00,206.43145400640992
2024-10-09 00:00:00+00:00,203.08425050347782
2024-10-10 00:00:00+00:00,202.40453864921105
2024-10-11 00:00:00+00:00,206.30190887450937
2024-10-12 00:00:00+00:00,209.18645848294102
2024-10-13 00:00:00+00:00,208.1901876820739
2024-10-14 00:00:00+00:00,208.9171959706997
2024-10-15 00:00:00+00:00,205.42080979119788
2024-10-16 00:00:00+00:00,204.61455062292677
2024-10-17 00:00:00+00:00,202.69615640577342
2024-10-18 00:00:00+00:00,204.14754746560666
2024-10-19 00:00:00+00:00,202.2106439258587
2024-10-20 00:00:00+00:00,205.17102531539177
2024-10-21 00:00:00+00:00,202.6127075696865
2024-10-22 00:00:00+00:00,202.46650589290888
2024-10-23 00:00:00+00:00,202.1411175328227
2024-10-24 00:00:00+00:00,203.99208056325793
2024-10-25 00:00:00+00:00,197.0885056279906
2024-10-26 00:00:00+00:00,199.81279828236563
2024-10-27 00:00:00+00:00,200.5366961973907
2024-10-28 00:00:00+00:00,203.0888196743216
2024-10-29 00:00:00+00:00,208.063510143442
2024-10-30 00:00:00+00:00,207.59129321347297
2024-10-31 00:00:00+00:00,204.36344394591393
2024-11-01 00:00:00+00:00,203.18864512424085
2024-11-02 00:00:00+00:00,202.11689383654505
2024-11-03 00:00:00+00:00,199.82200149446268
2024-11-04 00:00:00+00:00,197.7587059638589
2024-11-05 00:00:00+00:00,200.76857245342234
2024-11-06 00:00:00+00:00,209.82557200610108
2024-11-07 00:00:00+00:00,210.06893526729505
2024-11-08 00:00:00+00:00,211.8086400879039
2024-11-09 00:00:00+00:00,218.70887827778745
2024-11-10 00:00:00+00:00,229.787577093356
2024-11-11 00:00:00+00:00,242.60049431162702
2024-11-12 00:00:00+00:00,246.82986215672335
2024-11-13 00:00:00+00:00,246.21025110773792
2024-11-14 00:00:00+00:00,240.66984336454422
2024-11-15 00:00:00+00:00,250.87689325035777
2024-11-16 00:00:00+00:00,255.66995728462652
2024-11-17 00:00:00+00:00,256.5876793338521
2024-11-18 00:00:00+00:00,258.2204729040915
2024-11-19 00:00:00+00:00,258.5719594536497
2024-11-20 00:00:00+00:00,253.41362123016899
2024-11-21 00:00:00+00:00,261.2216066332995
2024-11-22 00:00:00+00:00,265.54684054495533
2024-11-23 00:00:00+00:00,269.76174543893654
2024-11-24 00:00:00+00:00,269.5589130366017
2024-11-25 00:00:00+00:00,256.49814577504173
2024-11-26 00:00:00+00:00,258.6416282459508
2024-11-27 00:00:00+00:00,264.9992148110462
2024-11-28 00:00:00+00:00,264.89871382199675
2024-11-29 00:00:00+00:00,268.4913694205
2024-11-30 00:00:00+00:00,269.2311200618518
2024-12-01 00:00:00+00:00,272.29647046401277
2024-12-02 00:00:00+00:00,277.28121226678144
2024-12-03 00:00:00+00:00,301.08356134977043
2024-12-04 00:00:00+00:00,301.96056366827645
2024-12-05 00:00:00+00:00,306.6862661245332
2024-12-06 00:00:00+00:00,309.2672309611687
2024-12-07 00:00:00+00:00,310.92219500004563
2024-12-08 00:00:00+00:00,313.5539129578741
2024-12-09 00:00:00+00:00,293.9136971805859
2024-12-10 00:00:00+00:00,289.3459915364667
2024-12-11 00:00:00+00:00,301.210932119517
2024-12-12 00:00:00+00:00,301.19416352977316
2024-12-13 00:00:00+00:00,302.6779323648717
2024-12-14 00:00:00+00:00,297.32711325962646
2024-12-15 00:00:00+00:00,302.25594644212873
2024-12-16 00:00:00+00:00,298.500329468765
2024-12-17 00:00:00+00:00,297.54597908082206
2024-12-18 00:00:00+00:00,285.7994266258969
2024-12-19 00:00:00+00:00,276.05415775918806
2024-12-20 00:00:00+00:00,279.6089162590696
2024-12-21 00:00:00+00:00,275.65499996472136
2024-12-22 00:00:00+00:00,275.57662470047904
2024-12-23 00:00:00+00:00,281.32562343163085
2024-12-24 00:00:00+00:00,281.85403203312205
2024-12-25 00:00:00+00:00,279.3837150334446
2024-12-26 00:00:00+00:00,274.12737691940794
2024-12-27 00:00:00+00:00,272.36734271284826
2024-12-28 00:00:00+00:00,274.59450428624365
2024-12-29 00:00:00+00:00,272.27056951223193
2024-12-30 00:00:00+00:00,272.7753335251335
2024-12-31 00:00:00+00:00,271.45717632589765
2025-01-01 00:00:00+00:00,273.74761186748145
2025-01-02 00:00:00+00:00,274.6921839625418
2025-01-03 00:00:00+00:00,281.5150951002733
2025-01-04 00:00:00+00:00,283.84808252922545
2025-01-05 00:00:00+00:00,283.55697470336594
2025-01-06 00:00:00+00:00,282.04047175632616
2025-01-07 00:00:00+00:00,277.5266327099636
2025-01-08 00:00:00+00:00,278.08227936206225
2025-01-09 00:00:00+00:00,273.93899548250533
2025-01-10 00:00:00+00:00,278.18384152644893
2025-01-11 00:00:00+00:00,278.75118671312265
2025-01-12 00:00:00+00:00,275.3872770170097
2025-01-13 00:00:00+00:00,275.0818270002994
2025-01-14 00:00:00+00:00,274.98463482699424
2025-01-15 00:00:00+00:00,280.2621470289835
2025-01-16 00:00:00+00:00,280.65203052775325
2025-01-17 00:00:00+00:00,282.327820106061
2025-01-18 00:00:00+00:00,282.88089459766974
2025-01-19 00:00:00+00:00,273.5745994854713
2025-01-20 00:00:00+00:00,273.8882563347401
2025-01-21 00:00:00+00:00,276.30390510421705
2025-01-22 00:00:00+00:00,274.2633500781016
2025-01-23 00:00:00+00:00,272.59183868374566
2025-01-24 00:00:00+00:00,271.47715526915573
2025-01-25 00:00:00+00:00,271.51093142855734
2025-01-26 00:00:00+00:00,269.5008496698015
2025-01-27 00:00:00+00:00,268.94164785172563
2025-01-28 00:00:00+00:00,267.74162174361106
2025-01-29 00:00:00+00:00,268.0998786725464
2025-01-30 00:00:00+00:00,269.08687168059805
2025-01-31 00:00:00+00:00,268.0923876798009
2025-02-01 00:00:00+00:00,265.8408647438414
2025-02-02 00:00:00+00:00,263.20462258492273
2025-02-03 00:00:00+00:00,259.83557516629736
2025-02-04 00:00:00+00:00,259.83557516629736
2025-02-05 00:00:00+00:00,259.83557516629736
2025-02-06 00:00:00+00:00,259.83557516629736
2025-02-07 00:00:00+00:00,259.83557516629736
2025-02-08 00:00:00+00:00,259.83557516629736
2025-02-09 00:00:00+00:00,259.83557516629736
2025-02-10 00:00:00+00:00,259.83557516629736
2025-02-11 00:00:00+00:00,259.83557516629736
2025-02-12 00:00:00+00:00,259.83557516629736
2025-02-13 00:00:00+00:00,259.83557516629736
2025-02-14 00:00:00+00:00,259.83557516629736
2025-02-15 00:00:00+00:00,259.83557516629736
2025-02-16 00:00:00+00:00,259.83557516629736
2025-02-17 00:00:00+00:00,259.83557516629736
2025-02-18 00:00:00+00:00,259.83557516629736
2025-02-19 00:00:00+00:00,259.83557516629736
2025-02-20 00:00:00+00:00,259.83557516629736
2025-02-21 00:00:00+00:00,259.83557516629736
2025-02-22 00:00:00+00:00,259.83557516629736
2025-02-23 00:00:00+00:00,259.83557516629736
2025-02-24 00:00:00+00:00,259.83557516629736
2025-02-25 00:00:00+00:00,259.83557516629736
2025-02-26 00:00:00+00:00,259.83557516629736
2025-02-27 00:00:00+00:00,259.83557516629736
2025-02-28 00:00:00+00:00,259.83557516629736
2025-03-01 00:00:00+00:00,259.83557516629736
2025-03-02 00:00:00+00:00,259.83557516629736
2025-03-03 00:00:00+00:00,259.83557516629736
2025-03-04 00:00:00+00:00,259.83557516629736
2025-03-05 00:00:00+00:00,259.83557516629736
2025-03-06 00:00:00+00:00,259.21317376327744
2025-03-07 00:00:00+00:00,258.40745019698113
2025-03-08 00:00:00+00:00,258.28987288922974
2025-03-09 00:00:00+00:00,257.5269875668429
2025-03-10 00:00:00+00:00,257.0703501158084
2025-03-11 00:00:00+00:00,257.06129820729353
2025-03-12 00:00:00+00:00,257.06129820729353
2025-03-13 00:00:00+00:00,257.06129820729353
2025-03-14 00:00:00+00:00,257.06129820729353
2025-03-15 00:00:00+00:00,257.06129820729353
2025-03-16 00:00:00+00:00,257.06129820729353
2025-03-17 00:00:00+00:00,257.06129820729353
2025-03-18 00:00:00+00:00,257.06129820729353
2025-03-19 00:00:00+00:00,257.06129820729353
2025-03-20 00:00:00+00:00,257.06129820729353
2025-03-21 00:00:00+00:00,257.06129820729353
2025-03-22 00:00:00+00:00,257.06129820729353
2025-03-23 00:00:00+00:00,257.06129820729353
2025-03-24 00:00:00+00:00,257.06129820729353
2025-03-25 00:00:00+00:00,257.06129820729353
2025-03-26 00:00:00+00:00,257.06129820729353
2025-03-27 00:00:00+00:00,257.06129820729353
2025-03-28 00:00:00+00:00,257.06129820729353
2025-03-29 00:00:00+00:00,257.06129820729353
2025-03-30 00:00:00+00:00,257.06129820729353
2025-03-31 00:00:00+00:00,257.06129820729353
2025-04-01 00:00:00+00:00,257.06129820729353
2025-04-02 00:00:00+00:00,257.06129820729353
2025-04-03 00:00:00+00:00,257.06129820729353
2025-04-04 00:00:00+00:00,257.06129820729353
2025-04-05 00:00:00+00:00,257.06129820729353
2025-04-06 00:00:00+00:00,257.06129820729353
2025-04-07 00:00:00+00:00,257.06129820729353
2025-04-08 00:00:00+00:00,257.06129820729353
2025-04-09 00:00:00+00:00,257.06129820729353
2025-04-10 00:00:00+00:00,257.06129820729353
2025-04-11 00:00:00+00:00,257.06129820729353
2025-04-12 00:00:00+00:00,257.06129820729353
2025-04-13 00:00:00+00:00,257.06129820729353
2025-04-14 00:00:00+00:00,257.06129820729353
2025-04-15 00:00:00+00:00,257.06129820729353
2025-04-16 00:00:00+00:00,257.06129820729353
2025-04-17 00:00:00+00:00,257.06129820729353
2025-04-18 00:00:00+00:00,257.06129820729353
2025-04-19 00:00:00+00:00,257.06129820729353
2025-04-20 00:00:00+00:00,257.06129820729353
2025-04-21 00:00:00+00:00,257.06129820729353
2025-04-22 00:00:00+00:00,257.06129820729353
2025-04-23 00:00:00+00:00,256.7612806697642
2025-04-24 00:00:00+00:00,257.5419193467305
2025-04-25 00:00:00+00:00,258.8937633486167
2025-04-26 00:00:00+00:00,258.3641709039865
2025-04-27 00:00:00+00:00,255.70965740064213
2025-04-28 00:00:00+00:00,257.83239903956394
2025-04-29 00:00:00+00:00,256.2788523162527
2025-04-30 00:00:00+00:00,257.00837224291513
2025-05-01 00:00:00+00:00,256.71916064226565
2025-05-02 00:00:00+00:00,257.5339358464055
2025-05-03 00:00:00+00:00,253.4747403138056
2025-05-04 00:00:00+00:00,251.10789751042944
2025-05-05 00:00:00+00:00,252.40300231618087
2025-05-06 00:00:00+00:00,254.92044367990425
2025-05-07 00:00:00+00:00,255.05040087128603
2025-05-08 00:00:00+00:00,267.8327096395501
2025-05-09 00:00:00+00:00,269.16523998868274
2025-05-10 00:00:00+00:00,275.6612172017233
2025-05-11 00:00:00+00:00,272.63621301210173
2025-05-12 00:00:00+00:00,271.845681628287
2025-05-13 00:00:00+00:00,274.3150794033848
2025-05-14 00:00:00+00:00,270.89451018997937
2025-05-15 00:00:00+00:00,267.535954999585
2025-05-16 00:00:00+00:00,265.9237043516873
2025-05-17 00:00:00+00:00,264.8310108901062
2025-05-18 00:00:00+00:00,269.24973983125847
2025-05-19 00:00:00+00:00,265.80348080846795
2025-05-20 00:00:00+00:00,266.7736296866858
2025-05-21 00:00:00+00:00,272.0207383626503
2025-05-22 00:00:00+00:00,280.6417529441776
2025-05-23 00:00:00+00:00,272.4507098382852
2025-05-24 00:00:00+00:00,273.7350223463874
2025-05-25 00:00:00+00:00,274.2072452802281
2025-05-26 00:00:00+00:00,273.41379130281376
2025-05-27 00:00:00+00:00,275.30972141635374
2025-05-28 00:00:00+00:00,274.53276293740424
2025-05-29 00:00:00+00:00,270.1760790600544
2025-05-30 00:00:00+00:00,261.7813827547547
2025-05-31 00:00:00+00:00,265.48782549186245
2025-06-01 00:00:00+00:00,265.50764777622373
2025-06-02 00:00:00+00:00,265.86407718091425
2025-06-03 00:00:00+00:00,265.71050349847263
2025-06-04 00:00:00+00:00,263.006861017342
2025-06-05 00:00:00+00:00,256.59866255365654
2025-06-06 00:00:00+00:00,258.5291859976885
2025-06-07 00:00:00+00:00,261.1703266805229
2025-06-08 00:00:00+00:00,259.8841825294347
2025-06-09 00:00:00+00:00,263.9886475679634
2025-06-10 00:00:00+00:00,266.761092695241
2025-06-11 00:00:00+00:00,262.50637847094845
2025-06-12 00:00:00+00:00,257.8457054941834
2025-06-13 00:00:00+00:00,257.3352058329679
2025-06-14 00:00:00+00:00,255.45685410848333
2025-06-15 00:00:00+00:00,257.296345393339
2025-06-16 00:00:00+00:00,257.78783596839145
2025-06-17 00:00:00+00:00,256.33184069331594
2025-06-18 00:00:00+00:00,256.8355752278903
2025-06-19 00:00:00+00:00,258.9949920330891
2025-06-20 00:00:00+00:00,255.20863224562171
2025-06-21 00:00:00+00:00,252.57136947502755
2025-06-22 00:00:00+00:00,250.2091490227712
2025-06-23 00:00:00+00:00,252.55607083597394
2025-06-24 00:00:00+00:00,252.66974905949294
2025-06-25 00:00:00+00:00,253.93212688236707
2025-06-26 00:00:00+00:00,253.70395707927713
2025-06-27 00:00:00+00:00,254.94536935699963
2025-06-28 00:00:00+00:00,254.78605709138142
2025-06-29 00:00:00+00:00,256.15629039368264
2025-06-30 00:00:00+00:00,256.171013321421
2025-07-01 00:00:00+00:00,254.94149714033898
2025-07-02 00:00:00+00:00,257.37097535669113
2025-07-03 00:00:00+00:00,257.13236011753645
2025-07-04 00:00:00+00:00,255.13663278006376
2025-07-05 00:00:00+00:00,256.06925075026356
2025-07-06 00:00:00+00:00,256.8242947985076
2025-07-07 00:00:00+00:00,256.98781451106794
2025-07-08 00:00:00+00:00,257.7135839180253
2025-07-09 00:00:00+00:00,259.67925073000094
2025-07-10 00:00:00+00:00,261.78344836022706
2025-07-11 00:00:00+00:00,268.027389287875
2025-07-12 00:00:00+00:00,268.4919502170514
2025-07-13 00:00:00+00:00,275.41417916253977
2025-07-14 00:00:00+00:00,275.5399531918918
2025-07-15 00:00:00+00:00,274.78528915048554
2025-07-16 00:00:00+00:00,277.11568887876376
2025-07-17 00:00:00+00:00,283.20210189294676
2025-07-18 00:00:00+00:00,285.58469226273604
2025-07-19 00:00:00+00:00,285.5212795647206
2025-07-20 00:00:00+00:00,291.19799682256007
2025-07-21 00:00:00+00:00,291.59507712560054
2025-07-22 00:00:00+00:00,292.2384156193401
2025-07-23 00:00:00+00:00,281.5182237588915
2025-07-24 00:00:00+00:00,280.80838735321305
2025-07-25 00:00:00+00:00,285.0793885549572
2025-07-26 00:00:00+00:00,286.0545283933194
2025-07-27 00:00:00+00:00,289.6617105924076
2025-07-28 00:00:00+00:00,284.16372636203226
2025-07-29 00:00:00+00:00,285.22991558661
2025-07-30 00:00:00+00:00,282.81345895280685
2025-07-31 00:00:00+00:00,278.0501218431289
2025-08-01 00:00:00+00:00,273.298898419768
2025-08-02 00:00:00+00:00,269.476540753299
2025-08-03 00:00:00+00:00,275.8222097665723
2025-08-04 00:00:00+00:00,282.05586760936524
2025-08-05 00:00:00+00:00,277.45890009912614
2025-08-06 00:00:00+00:00,280.24213863052915
2025-08-07 00:00:00+00:00,286.15725678552036
2025-08-08 00:00:00+00:00,287.984275741004
2025-08-09 00:00:00+00:00,287.05752079335116
2025-08-10 00:00:00+00:00,287.7119703113023
2025-08-11 00:00:00+00:00,287.27502820585056
2025-08-12 00:00:00+00:00,295.27947779737576
2025-08-13 00:00:00+00:00,299.5365249924347
2025-08-14 00:00:00+00:00,293.934851582522
2025-08-15 00:00:00+00:00,293.58337568638035
2025-08-16 00:00:00+00:00,292.66758969509186
2025-08-17 00:00:00+00:00,294.57807277717876
2025-08-18 00:00:00+00:00,290.71016497493537
2025-08-19 00:00:00+00:00,283.9563920248761
2025-08-20 00:00:00+00:00,289.9930505528068
2025-08-21 00:00:00+00:00,286.1937453913903
2025-08-22 00:00:00+00:00,298.7399820042611
2025-08-23 00:00:00+00:00,295.830261803702
2025-08-24 00:00:00+00:00,293.696587220037
2025-08-25 00:00:00+00:00,282.37172176797844
2025-08-26 00:00:00+00:00,286.8504826457449
2025-08-27 00:00:00+00:00,285.07803273633044
2025-08-28 00:00:00+00:00,286.53827898850426
2025-08-29 00:00:00+00:00,281.964634620544
2025-08-30 00:00:00+00:00,282.0748210103189
2025-08-31 00:00:00+00:00,281.7324131743575
2025-09-01 00:00:00+00:00,279.561803107773
2025-09-02 00:00:00+00:00,282.43725698595296
2025-09-03 00:00:00+00:00,283.62785684096247
2025-09-04 00:00:00+00:00,279.5606270763768
2025-09-05 00:00:00+00:00,280.04988391220786
2025-09-06 00:00:00+00:00,279.59999746756887
2025-09-07 00:00:00+00:00,281.083115948856
2025-09-08 00:00:00+00:00,282.02860208624384
2025-09-09 00:00:00+00:00,285.2271395366209
2025-09-10 00:00:00+00:00,286.30648933398936
2025-09-11 00:00:00+00:00,286.3096531686051
2025-09-12 00:00:00+00:00,289.80953677179946
2025-09-13 00:00:00+00:00,290.9511687524037
2025-09-14 00:00:00+00:00,288.147872917261
2025-09-15 00:00:00+00:00,286.05147629828224
2025-09-16 00:00:00+00:00,287.9959876715922
2025-09-17 00:00:00+00:00,291.2416760037403
2025-09-18 00:00:00+00:00,291.18606275898196
2025-09-19 00:00:00+00:00,288.02668065372063
2025-09-20 00:00:00+00:00,290.78362882620837
2025-09-21 00:00:00+00:00,290.4178025390252
2025-09-22 00:00:00+00:00,283.360666029775
2025-09-23 00:00:00+00:00,285.7787571204198
2025-09-24 00:00:00+00:00,286.37804964459656
2025-09-25 00:00:00+00:00,277.47955871812803
2025-09-26 00:00:00+00:00,280.6197538983718
2025-09-27 00:00:00+00:00,280.1879566629503
2025-09-28 00:00:00+00:00,284.8862945429265
2025-09-29 00:00:00+00:00,290.6756657338309
2025-09-30 00:00:00+00:00,290.5565954143101
2025-10-01 00:00:00+00:00,292.045277841835
2025-10-02 00:00:00+00:00,295.517498254761
2025-10-03 00:00:00+00:00,298.8150302879951
2025-10-04 00:00:00+00:00,299.906040307054
2025-10-05 00:00:00+00:00,301.8318965457061
2025-10-06 00:00:00+00:00,303.67264697754274
2025-10-07 00:00:00+00:00,300.7340686136428
2025-10-08 00:00:00+00:00,307.3154086298536
2025-10-09 00:00:00+00:00,308.1757903550883
2025-10-10 00:00:00+00:00,293.5717655547356
2025-10-11 00:00:00+00:00,300.7327830834467
2025-10-12 00:00:00+00:00,299.8027692588153
2025-10-13 00:00:00+00:00,300.1675478686525
2025-10-14 00:00:00+00:00,299.2281844037085
2025-10-15 00:00:00+00:00,295.5311181088257
2025-10-16 00:00:00+00:00,291.8952560530486
2025-10-17 00:00:00+00:00,292.3306581621834
2025-10-18 00:00:00+00:00,293.4121575811852
2025-10-19 00:00:00+00:00,296.1323452730137
2025-10-20 00:00:00+00:00,298.9951491163153
2025-10-21 00:00:00+00:00,296.7994733708873
2025-10-22 00:00:00+00:00,294.42280611040457
2025-10-23 00:00:00+00:00,295.76596813456126
2025-10-24 00:00:00+00:00,298.2700947507917
2025-10-25 00:00:00+00:00,299.27514611878763
2025-10-26 00:00:00+00:00,304.7931361864915
2025-10-27 00:00:00+00:00,306.860174289195
2025-10-28 00:00:00+00:00,304.1455860031277
2025-10-29 00:00:00+00:00,308.1171324418049
2025-10-30 00:00:00+00:00,306.41259508593015
2025-10-31 00:00:00+00:00,314.3313462839203
2025-11-01 00:00:00+00:00,315.6767646964194
2025-11-02 00:00:00+00:00,315.85743292382847
2025-11-03 00:00:00+00:00,315.6254894624348
2025-11-04 00:00:00+00:00,314.7697110576432
2025-11-05 00:00:00+00:00,317.9944277235514
2025-11-06 00:00:00+00:00,324.29411537505285
2025-11-07 00:00:00+00:00,335.89598260217025
2025-11-08 00:00:00+00:00,330.3155441001306
2025-11-09 00:00:00+00:00,332.34785091197506
2025-11-10 00:00:00+00:00,322.88614684321493
2025-11-11 00:00:00+00:00,314.11483870996534
2025-11-12 00:00:00+00:00,320.45609895541713
2025-11-13 00:00:00+00:00,321.95167463702234
2025-11-14 00:00:00+00:00,331.1185399662527
2025-11-15 00:00:00+00:00,337.5011108730202
2025-11-16 00:00:00+00:00,340.4839879586007
2025-11-17 00:00:00+00:00,331.37400828807597
2025-11-18 00:00:00+00:00,332.8023554639382
2025-11-19 00:00:00+00:00,337.8806933592921
2025-11-20 00:00:00+00:00,335.98588378204397
2025-11-21 00:00:00+00:00,325.17554005857386
2025-11-22 00:00:00+00:00,321.76343482094205
2025-11-23 00:00:00+00:00,327.4168350115742
2025-11-24 00:00:00+00:00,321.92478323472517
2025-11-25 00:00:00+00:00,321.03529838951044
2025-11-26 00:00:00+00:00,322.6456796732306
2025-11-27 00:00:00+00:00,318.87260907399417
2025-11-28 00:00:00+00:00,314.97335574090175
2025-11-29 00:00:00+00:00,315.8318120450043
2025-11-30 00:00:00+00:00,312.4859010284117
2025-12-01 00:00:00+00:00,302.9037240253854
2025-12-02 00:00:00+00:00,302.9037240253854
2025-12-03 00:00:00+00:00,302.9037240253854
2025-12-04 00:00:00+00:00,302.9037240253854
2025-12-05 00:00:00+00:00,302.9037240253854
2025-12-06 00:00:00+00:00,302.9037240253854
2025-12-07 00:00:00+00:00,302.9037240253854
2025-12-08 00:00:00+00:00,302.9037240253854
2025-12-09 00:00:00+00:00,302.9037240253854
2025-12-10 00:00:00+00:00,302.9037240253854
2025-12-11 00:00:00+00:00,302.9037240253854
2025-12-12 00:00:00+00:00,302.9037240253854
2025-12-13 00:00:00+00:00,302.9037240253854
2025-12-14 00:00:00+00:00,302.9037240253854
2025-12-15 00:00:00+00:00,302.9037240253854
2025-12-16 00:00:00+00:00,302.9037240253854
2025-12-17 00:00:00+00:00,302.9037240253854
2025-12-18 00:00:00+00:00,302.9037240253854
2025-12-19 00:00:00+00:00,302.9037240253854
2025-12-20 00:00:00+00:00,302.9037240253854
2025-12-21 00:00:00+00:00,302.9037240253854
2025-12-22 00:00:00+00:00,302.9037240253854
2025-12-23 00:00:00+00:00,302.9037240253854
2025-12-24 00:00:00+00:00,302.9037240253854
2025-12-25 00:00:00+00:00,302.9037240253854
2025-12-26 00:00:00+00:00,302.9037240253854
2025-12-27 00:00:00+00:00,302.9037240253854
2025-12-28 00:00:00+00:00,302.9037240253854
2025-12-29 00:00:00+00:00,302.9037240253854
2025-12-30 00:00:00+00:00,302.9037240253854
2025-12-31 00:00:00+00:00,302.9037240253854
2026-01-01 00:00:00+00:00,302.9037240253854
2026-01-02 00:00:00+00:00,302.9037240253854
2026-01-03 00:00:00+00:00,302.9037240253854
2026-01-04 00:00:00+00:00,302.9037240253854
2026-01-05 00:00:00+00:00,302.9037240253854
2026-01-06 00:00:00+00:00,302.9037240253854
2026-01-07 00:00:00+00:00,302.9037240253854
2026-01-08 00:00:00+00:00,302.9037240253854
2026-01-09 00:00:00+00:00,302.9037240253854
2026-01-10 00:00:00+00:00,302.9037240253854
2026-01-11 00:00:00+00:00,302.9037240253854
2026-01-12 00:00:00+00:00,302.9037240253854
2026-01-13 00:00:00+00:00,302.9037240253854
2026-01-14 00:00:00+00:00,302.9037240253854
2026-01-15 00:00:00+00:00,302.9037240253854
2026-01-16 00:00:00+00:00,302.9037240253854
2026-01-17 00:00:00+00:00,302.9037240253854
2026-01-18 00:00:00+00:00,302.9037240253854
2026-01-19 00:00:00+00:00,302.9037240253854
2026-01-20 00:00:00+00:00,302.9037240253854
2026-01-21 00:00:00+00:00,302.9037240253854
2026-01-22 00:00:00+00:00,302.9037240253854
2026-01-23 00:00:00+00:00,302.9037240253854
2026-01-24 00:00:00+00:00,302.9037240253854
2026-01-25 00:00:00+00:00,302.9037240253854
2026-01-26 00:00:00+00:00,302.9037240253854
2026-01-27 00:00:00+00:00,302.9037240253854
2026-01-28 00:00:00+00:00,302.9037240253854
2026-01-29 00:00:00+00:00,302.9037240253854
2026-01-30 00:00:00+00:00,302.9037240253854
2026-01-31 00:00:00+00:00,302.9037240253854
2026-02-01 00:00:00+00:00,302.9037240253854
2026-02-02 00:00:00+00:00,302.9037240253854
2026-02-03 00:00:00+00:00,302.9037240253854
2026-02-04 00:00:00+00:00,302.9037240253854
2026-02-05 00:00:00+00:00,302.9037240253854
2026-02-06 00:00:00+00:00,302.9037240253854
2026-02-07 00:00:00+00:00,302.9037240253854
2026-02-08 00:00:00+00:00,302.9037240253854
2026-02-09 00:00:00+00:00,302.9037240253854
2026-02-10 00:00:00+00:00,302.9037240253854
2026-02-11 00:00:00+00:00,302.9037240253854
2026-02-12 00:00:00+00:00,302.9037240253854
2026-02-13 00:00:00+00:00,302.9037240253854
2026-02-14 00:00:00+00:00,302.9037240253854
2026-02-15 00:00:00+00:00,302.9037240253854
2026-02-16 00:00:00+00:00,302.9037240253854
2026-02-17 00:00:00+00:00,302.9037240253854
2026-02-18 00:00:00+00:00,302.9037240253854
2026-02-19 00:00:00+00:00,302.9037240253854
2026-02-20 00:00:00+00:00,302.9037240253854
2026-02-21 00:00:00+00:00,302.9037240253854
2026-02-22 00:00:00+00:00,302.9037240253854
2026-02-23 00:00:00+00:00,302.9037240253854
2026-02-24 00:00:00+00:00,302.9037240253854
2026-02-25 00:00:00+00:00,302.9037240253854
2026-02-26 00:00:00+00:00,302.9037240253854
2026-02-27 00:00:00+00:00,302.9037240253854
2026-02-28 00:00:00+00:00,302.9037240253854
2026-03-01 00:00:00+00:00,302.9037240253854
2026-03-02 00:00:00+00:00,302.9037240253854
2026-03-03 00:00:00+00:00,302.9037240253854
2026-03-04 00:00:00+00:00,302.9037240253854
2026-03-05 00:00:00+00:00,302.9037240253854
2026-03-06 00:00:00+00:00,302.9037240253854
2026-03-07 00:00:00+00:00,302.9037240253854
2026-03-08 00:00:00+00:00,302.9037240253854
2026-03-09 00:00:00+00:00,302.9037240253854
2026-03-10 00:00:00+00:00,302.9037240253854
2026-03-11 00:00:00+00:00,302.9037240253854
2026-03-12 00:00:00+00:00,302.9037240253854
2026-03-13 00:00:00+00:00,302.9037240253854
2026-03-14 00:00:00+00:00,302.9037240253854
2026-03-15 00:00:00+00:00,302.9037240253854
2026-03-16 00:00:00+00:00,302.9037240253854
2026-03-17 00:00:00+00:00,302.9037240253854
2026-03-18 00:00:00+00:00,302.9037240253854
2026-03-19 00:00:00+00:00,302.9037240253854
2026-03-20 00:00:00+00:00,302.9037240253854
2026-03-21 00:00:00+00:00,302.9037240253854
2026-03-22 00:00:00+00:00,302.9037240253854
2026-03-23 00:00:00+00:00,302.9037240253854
2026-03-24 00:00:00+00:00,302.9037240253854
2026-03-25 00:00:00+00:00,302.9037240253854
2026-03-26 00:00:00+00:00,302.9037240253854
2026-03-27 00:00:00+00:00,302.9037240253854
2026-03-28 00:00:00+00:00,302.9037240253854
2026-03-29 00:00:00+00:00,302.9037240253854
2026-03-30 00:00:00+00:00,302.9037240253854
2026-03-31 00:00:00+00:00,302.9037240253854
2026-04-01 00:00:00+00:00,302.9037240253854
2026-04-02 00:00:00+00:00,302.9037240253854
2026-04-03 00:00:00+00:00,302.9037240253854
2026-04-04 00:00:00+00:00,302.9037240253854
2026-04-05 00:00:00+00:00,302.9037240253854
2026-04-06 00:00:00+00:00,302.9037240253854
2026-04-07 00:00:00+00:00,302.9037240253854
2026-04-08 00:00:00+00:00,302.9037240253854
2026-04-09 00:00:00+00:00,302.9037240253854
2026-04-10 00:00:00+00:00,302.9037240253854
2026-04-11 00:00:00+00:00,302.9037240253854
2026-04-12 00:00:00+00:00,302.9037240253854
2026-04-13 00:00:00+00:00,302.9037240253854
2026-04-14 00:00:00+00:00,302.9037240253854
2026-04-15 00:00:00+00:00,302.9037240253854
2026-04-16 00:00:00+00:00,302.9037240253854
2026-04-17 00:00:00+00:00,302.9037240253854
2026-04-18 00:00:00+00:00,302.9037240253854
2026-04-19 00:00:00+00:00,302.9037240253854
2026-04-20 00:00:00+00:00,302.9037240253854
2026-04-21 00:00:00+00:00,302.9037240253854
2026-04-22 00:00:00+00:00,302.9037240253854
2026-04-23 00:00:00+00:00,302.9037240253854
2026-04-24 00:00:00+00:00,302.9037240253854
2026-04-25 00:00:00+00:00,302.9037240253854
2026-04-26 00:00:00+00:00,302.9037240253854
2026-04-27 00:00:00+00:00,302.9037240253854
2026-04-28 00:00:00+00:00,302.9037240253854
2026-04-29 00:00:00+00:00,302.9037240253854
2026-04-30 00:00:00+00:00,302.9037240253854
2026-05-01 00:00:00+00:00,302.9037240253854
2026-05-02 00:00:00+00:00,302.9037240253854
2026-05-03 00:00:00+00:00,303.4670759005448
2026-05-04 00:00:00+00:00,305.3043551665932
2026-05-05 00:00:00+00:00,312.9846678585131
2026-05-06 00:00:00+00:00,315.68261323668054
2026-05-07 00:00:00+00:00,314.5846126136964
2026-05-08 00:00:00+00:00,320.5346165896881
2026-05-09 00:00:00+00:00,319.15597591054365
2026-05-10 00:00:00+00:00,322.6781921664492
2026-05-11 00:00:00+00:00,322.13731313719785
2026-05-12 00:00:00+00:00,321.0972318696761
2026-05-13 00:00:00+00:00,320.7741500986583
2026-05-14 00:00:00+00:00,325.51911512345356
2026-05-15 00:00:00+00:00,318.56427027354897
2026-05-16 00:00:00+00:00,315.37785699421687
2026-05-17 00:00:00+00:00,314.45262579321434
2026-05-18 00:00:00+00:00,317.8619023443881
2026-05-19 00:00:00+00:00,316.19842684993193
2026-05-20 00:00:00+00:00,321.2118348678173
2026-05-21 00:00:00+00:00,328.03725374541517
2026-05-22 00:00:00+00:00,322.9507301191285
2026-05-23 00:00:00+00:00,331.2027279476789
2026-05-24 00:00:00+00:00,331.28306749736663
2026-05-25 00:00:00+00:00,339.5717324519728
2026-05-26 00:00:00+00:00,333.47309945608015
2026-05-27 00:00:00+00:00,327.9396525689135
2026-05-28 00:00:00+00:00,323.57713176628204
2026-05-29 00:00:00+00:00,328.37476614225955
