closed_ts,pnl,reason
1653609600000,3.1498,tp
1653764400000,-5.6817,stop
1654005600000,-5.5122,stop
1654099200000,3.6944,tp
1654488000000,-6.9396,stop
1654498800000,3.9016,tp
1654567200000,-5.7821,stop
1654866000000,2.9938,tp
1655010000000,3.5740,tp
1655082000000,4.4765,tp
1655136000000,-7.4555,stop
1655164800000,3.1229,tp
1655319600000,3.8617,tp
1655388000000,-5.2981,stop
1655589600000,-8.2101,stop
1655654400000,3.7127,tp
1655780400000,3.2975,tp
1655820000000,-5.6676,stop
1656036000000,-5.3313,stop
1656093600000,-5.1250,stop
1656122400000,-5.1181,stop
1656507600000,3.3682,tp
1656554400000,4.5644,tp
1657134000000,-5.3732,stop
1657742400000,-1.0979,timeout
1657828800000,-5.5470,stop
1657990800000,4.2140,tp
1658113200000,4.5275,tp
1658127600000,3.1814,tp
1658246400000,3.4523,tp
1658379600000,3.1062,tp
1658635200000,-5.2204,stop
1659042000000,-5.3869,stop
1659150000000,-5.3522,stop
1659549600000,3.0707,tp
1659891600000,4.0724,tp
1659974400000,3.1910,tp
1660309200000,3.9159,tp
1660496400000,-5.3260,stop
1660633200000,3.6401,tp
1660644000000,3.0237,tp
1660946400000,3.4448,tp
1661504400000,3.1567,tp
1661724000000,3.3353,tp
1661752800000,3.1639,tp
1661871600000,-5.0787,stop
1662264000000,3.0546,tp
1662433200000,-5.0731,stop
1662645600000,-5.0963,stop
1662796800000,-5.5911,stop
1663275600000,3.2768,tp
1663326000000,3.1642,tp
1663934400000,-1.2067,timeout
1664006400000,3.6906,tp
1664089200000,3.5532,tp
1664326800000,3.3478,tp
1664413200000,-5.3003,stop
1664488800000,-6.7891,stop
1664949600000,3.4732,tp
1665165600000,3.8744,tp
1665626400000,-5.6887,stop
1666224000000,3.7202,tp
1666717200000,-6.3595,stop
1666908000000,-5.0050,stop
1666926000000,3.2701,tp
1666958400000,-5.0617,stop
1667034000000,8.4406,tp
1667055600000,3.8271,tp
1667084400000,-5.4987,stop
1667109600000,-5.1121,stop
1667138400000,-6.0854,stop
1667160000000,3.0937,tp
1667232000000,3.7499,tp
1667278800000,5.3749,tp
1667386800000,-5.9773,stop
1667523600000,4.3933,tp
1667700000000,-5.2042,stop
1667764800000,3.4059,tp
1667808000000,3.0245,tp
1667887200000,3.6738,tp
1667930400000,-10.8879,stop
1667959200000,3.9659,tp
1667980800000,4.8812,tp
1667998800000,-6.4677,stop
1668009600000,-6.2427,stop
1668016800000,5.4442,tp
1668024000000,3.2724,tp
1668034800000,-7.8814,stop
1668078000000,-5.9065,stop
1668085200000,3.2818,tp
1668178800000,-6.9233,stop
1668229200000,4.0509,tp
1668322800000,3.5639,tp
1668931200000,1.3284,timeout
1668996000000,3.4532,tp
1669122000000,3.4236,tp
1669406400000,3.5327,tp
1669532400000,-5.7283,stop
1669546800000,3.6559,tp
1669636800000,-5.3687,stop
1670245200000,-0.0701,timeout
1670396400000,3.0191,tp
1670799600000,3.5859,tp
1670914800000,3.0644,tp
1670943600000,-5.5067,stop
1671037200000,3.9467,tp
1671224400000,-5.1371,stop
1671231600000,3.5913,tp
1671476400000,3.5210,tp
1671865200000,-5.1579,stop
1672257600000,3.3212,tp
1672344000000,4.4537,tp
1672354800000,-6.7317,stop
1672646400000,7.7625,tp
1672725600000,3.1197,tp
1672761600000,5.1920,tp
1673226000000,3.9780,tp
1673445600000,-5.0589,stop
1673600400000,-5.1153,stop
1673751600000,-5.3200,stop
1674057600000,3.0625,tp
1674421200000,-5.8419,stop
1674853200000,-5.3134,stop
1674864000000,3.8729,tp
1675072800000,-5.5515,stop
1675267200000,3.8608,tp
1675306800000,-5.1355,stop
1675915200000,2.2798,timeout
1675980000000,3.4185,tp
1676588400000,-1.2531,timeout
1676811600000,-5.5525,stop
1676865600000,3.4427,tp
1676988000000,-5.1153,stop
1677038400000,3.7492,tp
1677438000000,-5.6588,stop
1677614400000,-5.5817,stop
1678186800000,3.1857,tp
1678262400000,3.5499,tp
1678284000000,3.4218,tp
1678399200000,3.3783,tp
1678644000000,-5.2153,stop
1678669200000,3.2317,tp
1678755600000,3.3313,tp
1679004000000,3.0767,tp
1679097600000,-5.5186,stop
1679407200000,-5.7009,stop
1679421600000,3.3079,tp
1679432400000,6.0880,tp
1679587200000,-5.2851,stop
1680199200000,-1.2637,timeout
1680339600000,-5.0895,stop
1680948000000,-1.6748,timeout
1681268400000,-5.0444,stop
1681383600000,-6.6115,stop
1681437600000,3.1883,tp
1681718400000,3.3426,tp
1682107200000,3.4870,tp
1682715600000,0.7188,timeout
1682899200000,3.3221,tp
1683507600000,0.7029,timeout
1684116000000,-0.2865,timeout
1684666800000,3.1969,tp
1685275200000,-1.8958,timeout
1685883600000,1.3070,timeout
1686373200000,9.4643,tp
1686420000000,-6.6612,stop
1686560400000,3.1704,tp
1686801600000,3.0150,tp
1686949200000,3.0509,tp
1687284000000,3.3020,tp
1687388400000,3.0278,tp
1687680000000,3.2417,tp
1687978800000,-5.1461,stop
1688176800000,-6.5396,stop
1688274000000,-5.1977,stop
1688641200000,3.1716,tp
1688788800000,3.2546,tp
1689296400000,3.7770,tp
1689523200000,-5.6734,stop
1689764400000,3.1784,tp
1689804000000,3.1531,tp
1690412400000,-1.2246,timeout
1691020800000,1.0773,timeout
1691521200000,3.0435,tp
1692129600000,0.5149,timeout
1692738000000,1.5841,timeout
1693346400000,0.5564,timeout
1693954800000,-3.2187,timeout
1694563200000,-2.3837,timeout
1695009600000,4.7669,tp
1695430800000,3.7039,tp
1695661200000,3.0841,tp
1696014000000,3.2818,tp
1696154400000,-5.2192,stop
1696467600000,3.8376,tp
1696658400000,-5.1194,stop
1696820400000,3.0453,tp
1697428800000,0.8444,timeout
1697760000000,-5.1827,stop
1697792400000,-5.3998,stop
1697875200000,3.1664,tp
1697889600000,3.4027,tp
1697904000000,4.2794,tp
1697954400000,4.2158,tp
1698015600000,3.2220,tp
1698105600000,-5.3305,stop
1698238800000,4.2618,tp
1698710400000,3.4275,tp
1698850800000,3.0471,tp
1698861600000,4.4950,tp
1698940800000,-6.5298,stop
1699153200000,-6.3407,stop
1699218000000,-5.2056,stop
1699282800000,3.1933,tp
1699531200000,-5.1458,stop
1699549200000,-5.8625,stop
1699585200000,3.1807,tp
1699639200000,5.2776,tp
1699657200000,3.0364,tp
1699714800000,4.1298,tp
1699887600000,-5.6046,stop
1700049600000,-6.7839,stop
1700082000000,3.1057,tp
1700424000000,-5.2523,stop
1700521200000,-5.4327,stop
1700607600000,4.0680,tp
1701216000000,-1.1903,timeout
1701396000000,3.3763,tp
1701705600000,-5.1369,stop
1701741600000,3.2832,tp
1701817200000,3.2705,tp
1701882000000,3.7653,tp
1702026000000,3.6444,tp
1702051200000,5.3564,tp
1702108800000,3.5035,tp
1702238400000,5.1994,tp
1702263600000,-7.9804,stop
1702346400000,4.3850,tp
1702396800000,-5.8557,stop
1702432800000,3.3945,tp
1702476000000,-6.2102,stop
1702677600000,3.2292,tp
1702998000000,3.1455,tp
1703599200000,4.1889,tp
1703678400000,3.2641,tp
1703718000000,5.3484,tp
1703728800000,3.3405,tp
1703815200000,-5.5186,stop
1704153600000,3.4910,tp
1704456000000,3.2681,tp
1704524400000,3.3044,tp
1704668400000,3.3307,tp
1704985200000,3.4766,tp
1705075200000,3.3382,tp
1705291200000,-5.0920,stop
1705899600000,-0.0209,timeout
1706029200000,-5.0233,stop
1706083200000,3.2210,tp
1706270400000,3.4113,tp
1706436000000,3.0008,tp
1706616000000,3.6003,tp
1707224400000,0.3129,timeout
1707404400000,3.1294,tp
1707537600000,3.3063,tp
1708030800000,-5.9172,stop
1708538400000,3.2279,tp
1709064000000,3.1790,tp
1709139600000,4.4834,tp
1709161200000,3.2414,tp
1709247600000,-5.2510,stop
1709258400000,-5.2216,stop
1709510400000,-5.0753,stop
1709665200000,-6.1017,stop
1709679600000,-5.5028,stop
1709708400000,3.9047,tp
1710111600000,-6.9816,stop
1710259200000,5.0688,tp
1710334800000,3.1332,tp
1710381600000,3.4909,tp
1710482400000,3.0312,tp
1710586800000,3.0352,tp
1710612000000,3.4805,tp
1710669600000,-5.1013,stop
1710730800000,4.8339,tp
1710759600000,4.3178,tp
1710964800000,-5.2796,stop
1711213200000,3.0218,tp
1711551600000,3.7480,tp
1711623600000,5.6654,tp
1711774800000,-6.0600,stop
1712106000000,3.9098,tp
1712257200000,-5.3077,stop
1712768400000,3.8716,tp
1712944800000,3.8201,tp
1712955600000,-6.5261,stop
1713031200000,-5.4355,stop
1713038400000,4.0145,tp
1713049200000,-7.4315,stop
1713081600000,3.6568,tp
1713564000000,-5.2626,stop
1713772800000,-5.1979,stop
1714273200000,-5.6196,stop
1714590000000,-5.7170,stop
1714651200000,3.2474,tp
1714798800000,3.1294,tp
1714827600000,3.9421,tp
1715194800000,-5.4297,stop
1715569200000,3.1377,tp
1715612400000,-5.0999,stop
1715832000000,3.5451,tp
1716440400000,0.4621,timeout
1716519600000,3.0693,tp
1717128000000,0.5939,timeout
1717423200000,-5.0294,stop
1717902000000,3.0810,tp
1718053200000,4.6148,tp
1718661600000,1.9190,timeout
1718676000000,3.5370,tp
1718881200000,-5.1409,stop
1719234000000,-5.6238,stop
1719309600000,3.4861,tp
1719918000000,-2.6444,timeout
1720148400000,7.3417,tp
1720360800000,-5.3792,stop
1720969200000,-2.3303,timeout
1721574000000,3.4187,tp
1722110400000,-5.3709,stop
1722546000000,-5.9889,stop
1722722400000,-5.7213,stop
1722823200000,3.1033,tp
1722844800000,-5.7802,stop
1722963600000,3.8457,tp
1723406400000,-5.4152,stop
1724014800000,-1.4317,timeout
1724187600000,3.1620,tp
1724288400000,3.1610,tp
1724385600000,-5.1161,stop
1724436000000,3.8271,tp
1724493600000,3.0100,tp
1725102000000,-3.8888,timeout
1725710400000,-1.1106,timeout
1725876000000,2.9563,tp
1726484400000,1.9655,timeout
1727092800000,0.0271,timeout
1727506800000,-5.4392,stop
1727625600000,3.3467,tp
1728234000000,-3.8299,timeout
1728698400000,4.8946,tp
1729065600000,-5.5646,stop
1729213200000,4.4607,tp
1729303200000,4.5379,tp
1729526400000,-5.0345,stop
1729609200000,3.0364,tp
1729710000000,3.4868,tp
1730048400000,3.2324,tp
1730127600000,3.3318,tp
1730163600000,3.7298,tp
1730358000000,3.2330,tp
1730880000000,-5.4515,stop
1730944800000,3.8850,tp
1731132000000,4.1707,tp
1731193200000,3.1603,tp
1731204000000,3.2373,tp
1731214800000,3.1283,tp
1731304800000,-5.4419,stop
1731524400000,3.5374,tp
1731592800000,-5.1800,stop
1731607200000,3.1053,tp
1731621600000,3.1021,tp
1731646800000,3.8983,tp
1731715200000,3.6498,tp
1731747600000,-5.5661,stop
1731765600000,3.4375,tp
1731772800000,-7.6037,stop
1731819600000,-8.6947,stop
1731852000000,-7.2941,stop
1731888000000,-5.1233,stop
1731949200000,4.7030,tp
1732042800000,4.2998,tp
1732093200000,3.0804,tp
1732172400000,-5.0804,stop
1732280400000,3.1858,tp
1732294800000,5.5584,tp
1732316400000,5.9299,tp
1732377600000,3.5720,tp
1732410000000,6.6315,tp
1732510800000,-6.0539,stop
1732579200000,-5.2575,stop
1733090400000,3.4067,tp
1733130000000,-5.7399,stop
1733173200000,4.4578,tp
1733310000000,5.0102,tp
1733324400000,3.4755,tp
1733364000000,3.4232,tp
1733846400000,4.2393,tp
1733922000000,-5.1754,stop
1733983200000,3.4187,tp
1734418800000,-5.1522,stop
1734440400000,3.5292,tp
1734624000000,3.3509,tp
1734692400000,4.8831,tp
1734699600000,-6.4238,stop
1734724800000,3.9806,tp
1734789600000,-5.2119,stop
1735048800000,-5.5749,stop
1735203600000,-5.1044,stop
1735538400000,3.4507,tp
1735711200000,-5.1972,stop
1735750800000,4.4475,tp
1735779600000,4.5425,tp
1735876800000,4.0615,tp
1735898400000,3.1687,tp
1736136000000,3.8920,tp
1736301600000,-5.2382,stop
1736614800000,3.0271,tp
1736647200000,3.4636,tp
1736780400000,-5.3309,stop
1736906400000,4.7099,tp
1737028800000,4.5724,tp
1737136800000,-5.3301,stop
1737183600000,-6.2070,stop
1737212400000,3.0777,tp
1737262800000,4.5078,tp
1737277200000,5.3302,tp
1737288000000,5.0072,tp
1737298800000,-7.2584,stop
1737342000000,3.7592,tp
1737950400000,-4.5497,timeout
1738069200000,3.8612,tp
1738339200000,-5.2013,stop
1738519200000,3.6473,tp
1738544400000,3.1104,tp
1738562400000,-5.7152,stop
1738598400000,3.9435,tp
1738846800000,-6.0896,stop
1738861200000,3.2102,tp
1739012400000,3.1201,tp
1739235600000,-5.5109,stop
1739253600000,3.0529,tp
1739484000000,3.1196,tp
1739530800000,3.3542,tp
1739588400000,3.2221,tp
1739966400000,-5.3619,stop
1740240000000,-5.0101,stop
1740477600000,3.1560,tp
1740794400000,-5.0444,stop
1740862800000,3.2131,tp
1740931200000,15.4335,tp
1740960000000,4.6882,tp
1741032000000,4.0145,tp
1741050000000,3.8069,tp
1741104000000,-5.3223,stop
1741143600000,3.5917,tp
1741197600000,2.9701,tp
1741320000000,-5.1464,stop
1741629600000,4.6584,tp
1742061600000,3.2888,tp
1742097600000,3.2531,tp
1742400000000,3.0044,tp
1742756400000,3.2267,tp
1742824800000,-5.1858,stop
1743022800000,3.2566,tp
1743573600000,3.2450,tp
1743987600000,3.5430,tp
1744012800000,3.0630,tp
1744221600000,6.2378,tp
1744466400000,3.7354,tp
1745074800000,2.1385,timeout
1745337600000,3.1242,tp
1745434800000,3.0249,tp
1746043200000,-2.6196,timeout
1746651600000,0.4130,timeout
1746730800000,3.0414,tp
1746777600000,5.3229,tp
1746838800000,-5.0101,stop
1747062000000,-5.2767,stop
1747670400000,-0.0095,timeout
1748005200000,-5.3137,stop
1748080800000,3.0025,tp
1748566800000,3.1964,tp
1748646000000,3.4579,tp
1749070800000,3.0578,tp
1749171600000,3.0281,tp
1749596400000,3.1544,tp
1749859200000,-5.2421,stop
1750039200000,3.9109,tp
1750309200000,-5.0809,stop
1750687200000,-5.6945,stop
1750939200000,-5.2340,stop
1751522400000,-6.0164,stop
1751648400000,-5.1934,stop
1752238800000,3.0312,tp
1752742800000,3.4970,tp
1752789600000,3.4756,tp
1752800400000,3.2133,tp
1752897600000,3.0099,tp
1753030800000,3.1961,tp
1753052400000,3.0107,tp
1753336800000,4.1623,tp
1753862400000,3.0191,tp
1754002800000,3.1670,tp
1754089200000,3.0424,tp
1754161200000,3.9781,tp
1754560800000,-5.0472,stop
1754661600000,4.4085,tp
1754740800000,3.2214,tp
1754874000000,-5.0592,stop
1755054000000,-6.2757,stop
1755270000000,-5.0919,stop
1755874800000,-5.6184,stop
1756062000000,5.3872,tp
1756270800000,-5.0125,stop
1756371600000,3.1562,tp
1756980000000,-3.8806,timeout
1757253600000,-5.0146,stop
1757862000000,-3.5192,timeout
1758157200000,-5.2338,stop
1758222000000,3.7835,tp
1758798000000,3.0314,tp
1759406400000,-2.1602,timeout
1759500000000,3.4862,tp
1759834800000,3.0531,tp
1760130000000,4.7556,tp
1760144400000,-5.5358,stop
1760151600000,3.7101,tp
1760317200000,-5.8108,stop
1760382000000,-5.5570,stop
1760990400000,-3.2868,timeout
1761354000000,3.0957,tp
1761962400000,1.6564,timeout
1762279200000,3.3122,tp
1762477200000,-5.3392,stop
1762534800000,5.0122,tp
1762963200000,-5.0931,stop
1763312400000,3.1815,tp
1763920800000,-3.7215,timeout
1764050400000,3.0826,tp
1764363600000,3.0582,tp
1764972000000,-0.1516,timeout
1765414800000,-5.9481,stop
1765555200000,4.2308,tp
1765990800000,3.4768,tp
1766106000000,3.1200,tp
1766714400000,1.6271,timeout
1766862000000,3.0714,tp
1767384000000,4.2714,tp
1767499200000,3.7764,tp
1767657600000,3.4337,tp
1767834000000,-5.0455,stop
1768244400000,-5.1059,stop
1768500000000,3.2460,tp
1768784400000,5.5407,tp
1769392800000,-0.5537,timeout
1769886000000,3.4566,tp
1769990400000,3.3031,tp
1770325200000,5.2201,tp
1770346800000,-5.0179,stop
1770386400000,3.2275,tp
1770994800000,1.4042,timeout
1771160400000,-5.0166,stop
1771185600000,3.3309,tp
1771329600000,3.0105,tp
1771938000000,-0.6765,timeout
1772038800000,3.9929,tp
1772056800000,3.9715,tp
1772226000000,3.1521,tp
1772640000000,-4.9889,stop
1773032400000,-5.1541,stop
1773529200000,-4.9522,stop
1773662400000,-5.1185,stop
1774270800000,2.7295,timeout
1774879200000,-3.8500,timeout
1775487600000,-1.8190,timeout
1775707200000,3.1557,tp
1776315600000,1.2366,timeout
1776355200000,3.5134,tp
1776963600000,2.4670,timeout
1777572000000,-2.6419,timeout
1778018400000,-5.5542,stop
1778626800000,1.4875,timeout
1778691600000,3.4141,tp
1779300000000,-0.8392,timeout
